name,games,points,year
Adrian Peterson,16,307,2012
Doug Martin,16,263,2012
Arian Foster,16,262,2012
Marshawn Lynch,16,247,2012
Alfred Morris,16,241,2012
Calvin Johnson,16,220,2012
Brandon Marshall,16,217,2012
Drew Brees,16,346,2012
Aaron Rodgers,16,344,2012
Ray Rice,16,222,2012
Tom Brady,16,340,2012
Dez Bryant,16,208,2012
A.J. Green,16,203,2012
C.J. Spiller,16,212,2012
Demaryius Thomas,16,197,2012
Jamaal Charles,16,205,2012
Trent Richardson,15,204,2012
Cam Newton,16,323,2012
Vincent Jackson,16,188,2012
Stevan Ridley,16,199,2012
Andre Johnson,16,186,2012
Robert Griffin,15,318,2012
Frank Gore,16,197,2012
Eric Decker,16,184,2012
Julio Jones,16,183,2012
Peyton Manning,16,311,2012
Roddy White,16,177,2012
Jimmy Graham,15,152,2012
Matt Ryan,16,305,2012
Wes Welker,16,171,2012
Marques Colston,16,171,2012
Victor Cruz,16,169,2012
Rob Gronkowski,11,143,2012
Matt Forte,15,177,2012
Michael Crabtree,16,165,2012
Tony Gonzalez,16,141,2012
Chris Johnson,16,176,2012
Reggie Wayne,16,163,2012
James Jones,16,162,2012
Reggie Bush,16,172,2012
Shonn Greene,16,167,2012
Mike Williams,16,155,2012
Heath Miller,15,132,2012
Steven Jackson,16,163,2012
Tony Romo,16,279,2012
Russell Wilson,16,278,2012
Michael Turner,16,157,2012
Jason Witten,16,122,2012
Andrew Luck,16,276,2012
Ahmad Bradshaw,14,156,2012
Matthew Stafford,16,276,2012
Randall Cobb,15,155,2012
Steve Smith,16,142,2012
Lance Moore,15,140,2012
BenJarvus Green-Ellis,15,152,2012
Steve Johnson,16,139,2012
Cecil Shorts,14,138,2012
Mikel Leshoure,14,149,2012
Greg Olsen,16,114,2012
Torrey Smith,16,134,2012
LeSean McCoy,12,145,2012
Dennis Pitta,16,109,2012
T.Y. Hilton,15,131,2012
Mike Wallace,15,130,2012
Owen Daniels,15,108,2012
Darren Sproles,13,141,2012
Miles Austin,16,128,2012
Kyle Rudolph,16,105,2012
Brandon Myers,16,105,2012
Jeremy Maclin,15,126,2012
Jermaine Gresham,16,102,2012
Justin Blackmon,16,121,2012
Jordy Nelson,12,119,2012
Andy Dalton,16,251,2012
Tyler Clutts,16,,2012
DeAngelo Williams,16,130,2012
Antonio Gates,15,96,2012
Richie Brockel,16,,2012
Josh Freeman,16,249,2012
Joe Flacco,16,235,2012
Eli Manning,16,233,2012
Sam Bradford,16,230,2012
Matt Schaub,16,225,2012
Carson Palmer,15,224,2012
Ben Roethlisberger,13,224,2012
Ryan Fitzpatrick,16,214,2012
Philip Rivers,16,208,2012
Christian Ponder,16,193,2012
Jay Cutler,15,185,2012
Ryan Tannehill,16,183,2012
Colin Kaepernick,13,174,2012
Brandon Weeden,15,166,2012
Michael Vick,10,152,2012
Jake Locker,11,132,2012
Alex Smith,10,123,2012
Anquan Boldin,15,118,2012
Sidney Rice,16,118,2012
Mark Sanchez,15,118,2012
Danny Woodhead,16,117,2012
Denarius Moore,15,116,2012
Golden Tate,15,116,2012
Vick Ballard,16,115,2012
Brandon Lloyd,16,115,2012
Chad Henne,10,113,2012
Willis McGahee,10,113,2012
Brian Hartline,16,112,2012
Malcom Floyd,14,111,2012
Darren McFadden,12,111,2012
DeMarco Murray,10,111,2012
Josh Gordon,16,109,2012
Andre Roberts,15,109,2012
Danario Alexander,10,108,2012
Antonio Brown,13,105,2012
Santana Moss,16,105,2012
Joique Bell,16,104,2012
Larry Fitzgerald,16,104,2012
Brandon Gibson,16,99,2012
Percy Harvin,9,99,2012
Nate Washington,16,99,2012
Ryan Mathews,12,98,2012
Donnie Avery,16,97,2012
Andre Brown,10,97,2012
Dwayne Bowe,13,96,2012
Brandon LaFell,14,95,2012
Pierre Thomas,15,95,2012
Blaine Gabbert,10,94,2012
Martellus Bennett,16,93,2012
Mark Ingram,16,93,2012
Darrius Heyward-Bey,15,92,2012
Felix Jones,16,92,2012
Scott Chandler,15,91,2012
Chris Givens,15,91,2012
Jeremy Kerley,16,91,2012
Knowshon Moreno,8,91,2012
Greg Little,16,90,2012
Pierre Garcon,10,88,2012
Jacquizz Rodgers,16,88,2012
Hakeem Nicks,13,87,2012
Mike Tolbert,16,87,2012
Nick Foles,7,86,2012
Vernon Davis,16,85,2012
Kevin Kolb,6,85,2012
Kendall Wright,15,85,2012
Davone Bess,13,84,2012
Brandon Stokley,15,84,2012
Danny Amendola,11,83,2012
Kenny Britt,14,83,2012
Marcel Reece,16,83,2012
Bilal Powell,14,82,2012
Jonathan Dwyer,13,81,2012
DeSean Jackson,11,81,2012
Fred Jackson,10,81,2012
Bryce Brown,16,80,2012
Andrew Hawkins,14,80,2012
Aaron Hernandez,10,79,2012
Matt Cassel,9,78,2012
Lance Kendricks,16,78,2012
Marcedes Lewis,16,78,2012
Michael Bush,13,77,2012
Jermichael Finley,16,77,2012
Matt Hasselbeck,8,76,2012
Rod Streater,16,76,2012
Jared Cook,13,74,2012
Leonard Hankerson,16,73,2012
Brent Celek,15,72,2012
Dwayne Allen,16,71,2012
Brandon Pettigrew,14,71,2012
Isaac Redman,14,71,2012
LaRod Stephens-Howling,14,70,2012
Domenik Hixon,13,69,2012
Kevin Ogletree,15,69,2012
Dallas Clark,16,68,2012
Donald Jones,12,68,2012
Jacob Tamme,16,68,2012
Daniel Thomas,12,68,2012
Ben Watson,16,68,2012
David Wilson,16,67,2012
Jackie Battle,16,66,2012
Joel Dreessen,16,66,2012
Michael Floyd,16,66,2012
Josh Morgan,16,66,2012
Jason Avant,14,65,2012
Anthony Fasano,16,65,2012
Emmanuel Sanders,16,65,2012
Bernard Pierce,16,64,2012
Kevin Walter,16,64,2012
Titus Young,10,64,2012
Maurice Jones-Drew,6,62,2012
Daryl Richardson,16,62,2012
Shane Vereen,13,62,2012
Greg Jennings,8,61,2012
Randy Moss,16,61,2012
Jonathan Stewart,9,61,2012
Donald Brown,10,59,2012
Ronnie Brown,14,59,2012
Alex Green,12,59,2012
Zach Miller,16,58,2012
Michael Jenkins,16,57,2012
Joe Morgan,14,56,2012
Tony Scheffler,15,56,2012
Doug Baldwin,14,55,2012
Alshon Jeffery,10,55,2012
Mario Manningham,12,55,2012
Tiquan Underwood,14,55,2012
Jeff Cumberland,15,54,2012
Dexter McCluster,16,54,2012
Robert Turbin,16,54,2012
Beanie Wells,8,54,2012
Kendall Hunter,11,53,2012
Rashad Jennings,10,53,2012
James Casey,16,52,2012
Tony Moeaki,15,51,2012
Earl Bennett,12,50,2012
Austin Pettis,14,50,2012
Delanie Walker,16,50,2012
Shaun Draughn,16,49,2012
Mike Goodson,12,48,2012
Rueben Randle,16,48,2012
Mohamed Sanu,9,48,2012
Justin Forsett,16,47,2012
Jacoby Jones,16,47,2012
Anthony McCoy,16,47,2012
Travis Benjamin,14,46,2012
Harry Douglas,15,46,2012
Julian Edelman,9,44,2012
Garrett Graham,15,44,2012
Dustin Keller,8,44,2012
Brady Quinn,10,44,2012
Jarius Wright,7,44,2012
Ryan Broyles,10,43,2012
Nate Burleson,6,43,2012
Riley Cooper,11,43,2012
Ronnie Hillman,14,43,2012
Stephen Hill,11,43,2012
Aldrick Robinson,15,43,2012
Brad Smith,15,43,2012
Ben Tate,11,43,2012
Rob Housler,15,42,2012
Cedric Benson,5,41,2012
Brandon Bolden,10,41,2012
Coby Fleener,12,40,2012
Louis Murphy,16,40,2012
Montell Owens,13,40,2012
Cedric Peerman,14,40,2012
Jonathan Baldwin,15,39,2012
T.J. Graham,15,39,2012
Devery Henderson,15,39,2012
Peyton Hillis,13,39,2012
Chaz Schilens,15,39,2012
Tom Crabtree,14,38,2012
Logan Paulsen,16,37,2012
Lamar Miller,13,36,2012
Montario Hardesty,13,35,2012
Chris Ivory,6,35,2012
William Powell,13,35,2012
James Starks,6,35,2012
Toby Gerhart,16,34,2012
Craig Stevens,15,34,2012
Charles Clay,14,33,2012
Kirk Cousins,3,33,2012
Fred Davis,7,33,2012
Kellen Davis,16,33,2012
Kevin Smith,12,33,2012
David Thomas,15,33,2012
Lance Ball,15,32,2012
Armon Binns,11,32,2012
Delone Carter,10,32,2012
Robert Meachem,15,32,2012
Eddie Royal,10,32,2012
Evan Royster,16,32,2012
John Skelton,7,32,2012
Damian Williams,13,32,2012
Devin Hester,15,31,2012
Santonio Holmes,4,31,2012
Marvin Jones,11,31,2012
Jason Snelling,16,31,2012
Dwayne Harris,16,30,2012
Michael Robinson,16,30,2012
Jordan Cameron,14,29,2012
Clay Harbor,14,29,2012
DuJuan Harris,4,29,2012
Kyle Williams,11,29,2012
Darrel Young,16,29,2012
Rashard Mendenhall,6,28,2012
Brian Quick,15,28,2012
Jordan Shipley,7,28,2012
LeGarrette Blount,13,27,2012
Ryan Grant,5,27,2012
John Kuhn,14,27,2012
Jorvorskie Lane,16,27,2012
Tashard Choice,12,26,2012
Braylon Edwards,13,26,2012
Derek Hagan,14,26,2012
Terrelle Pryor,3,26,2012
Chris Rainey,16,26,2012
Dante Rosario,13,26,2012
Micheal Spurlock,14,26,2012
Mohamed Massaquoi,9,25,2012
Jerome Simpson,12,25,2012
Brandon Tate,16,25,2012
Clyde Gates,11,24,2012
Vonta Leach,16,24,2012
LaVon Brazill,15,23,2012
Juron Criner,12,23,2012
Ed Dickson,13,23,2012
Damaris Johnson,14,23,2012
Laurent Robinson,7,23,2012
Luke Stocker,16,23,2012
Mike Thomas,16,23,2012
Ramses Barden,12,22,2012
Early Doucet,12,22,2012
Jamie Harper,10,22,2012
Jerricho Cotchery,14,21,2012
Will Heller,16,21,2012
Jacob Hester,3,21,2012
Lestar Jean,14,21,2012
Niles Paul,16,21,2012
Armando Allen,15,20,2012
Anthony Dixon,16,20,2012
Donald Driver,13,20,2012
Will Johnson,16,20,2012
Keshawn Martin,16,20,2012
Chris Ogbonnaya,15,20,2012
Jalen Parmele,11,20,2012
Curtis Brinkley,10,19,2012
Kris Durham,4,19,2012
Marlon Moore,14,19,2012
Devin Aromashodu,15,18,2012
Tandon Doss,14,18,2012
Byron Leftwich,2,18,2012
Joe McKnight,15,18,2012
Tyrod Taylor,7,18,2012
Jason Campbell,6,17,2012
Jed Collins,15,17,2012
Brian Leonard,15,17,2012
Ryan Williams,5,17,2012
Jeremy Stewart,4,16,2012
Charlie Batch,2,15,2012
Deion Branch,10,15,2012
Shaun Hill,1,15,2012
LaMichael James,4,15,2012
Dion Lewis,9,15,2012
Rishard Matthews,8,15,2012
Danny Ware,16,15,2012
Leon Washington,16,15,2012
Gary Barnidge,16,14,2012
Baron Batch,12,14,2012
Brian Hoyer,2,14,2012
Erik Lorig,16,14,2012
Mewelde Moore,9,14,2012
Matthew Mulligan,16,14,2012
Jordan Norwood,2,14,2012
Anthony Allen,16,13,2012
Cole Beasley,10,13,2012
Kevin Boss,2,13,2012
Stanley Havili,15,13,2012
Henry Hynoski,16,13,2012
Jeff King,16,13,2012
Ryan Lindley,6,13,2012
Leonard Pope,16,13,2012
Lee Smith,16,13,2012
Steve Smith,9,13,2012
Armanti Edwards,16,12,2012
Greg McElroy,2,12,2012
John Phillips,16,12,2012
Kealoha Pilares,8,12,2012
Donte' Stallworth,1,12,2012
Tim Tebow,12,12,2012
Keith Toston,5,12,2012
Lawrence Vickers,16,12,2012
Josh Cooper,6,11,2012
Lance Dunbar,12,11,2012
Kevin Elliott,13,11,2012
Michael Hoomanawanui,14,11,2012
Plaxico Burress,4,10,2012
Stephen Burton,12,10,2012
Orson Charles,16,10,2012
Drew Davis,16,10,2012
Thaddeus Lewis,1,10,2012
Bruce Miller,16,10,2012
Kyle Orton,1,10,2012
Bear Pascoe,15,10,2012
Brian Robiskie,6,10,2012
Phillip Tanner,14,10,2012
David Ausberry,16,9,2012
Dorin Dickerson,12,9,2012
Daniel Fells,13,9,2012
James Hanna,16,9,2012
Todd Heap,2,9,2012
Colt McCoy,3,9,2012
Matt Moore,2,9,2012
Richard Murphy,5,9,2012
Matt Spaeth,16,9,2012
Matt Willis,15,9,2012
Nate Byham,11,8,2012
Terrance Copper,15,8,2012
Jason Hill,4,8,2012
Michael Palmer,13,8,2012
DeVier Posey,11,8,2012
Konrad Reuland,16,8,2012
Kahlil Bell,7,7,2012
Steve Breaston,10,7,2012
Rhett Ellison,16,7,2012
Jabar Gaffney,3,7,2012
Richard Gordon,13,7,2012
Brandon Jackson,2,7,2012
Greg Jones,12,7,2012
Le'Ron McClain,16,7,2012
Jamar Newsome,6,7,2012
Ben Obomanu,8,7,2012
David Reed,5,7,2012
Darius Reynaud,16,7,2012
Guy Whimper,16,7,2012
Cyrus Gray,10,6,2012
Ladarius Green,4,6,2012
Virgil Green,12,6,2012
Lavelle Hawkins,7,6,2012
Lex Hilliard,14,6,2012
Mike Johnson,16,6,2012
Chris Pressley,14,6,2012
Michael Preston,4,6,2012
D.J. Williams,13,6,2012
Seyi Ajirotutu,3,5,2012
Brandon Banks,12,5,2012
Garrett Celek,13,5,2012
Josh Cribbs,16,5,2012
Roy Helu,3,5,2012
Quinn Johnson,16,5,2012
Steve Maneri,13,5,2012
Randy McMichael,16,5,2012
David Paulson,16,5,2012
Isaiah Pead,15,5,2012
Alex Smith,12,5,2012
Taylor Thompson,16,5,2012
Ryan Whalen,9,5,2012
Devon Wylie,6,5,2012
Kyle Adams,15,4,2012
Arrelious Benn,8,4,2012
Greg Camarillo,5,4,2012
John Carlson,14,4,2012
Toney Clemons,4,4,2012
Nate Eachus,11,4,2012
Jerome Felton,16,4,2012
Charly Martin,4,4,2012
Ruvell Martin,14,4,2012
Bernard Scott,2,4,2012
Anthony Sherman,13,4,2012
Kris Adams,3,3,2012
Jarrett Boykin,10,3,2012
Travaris Cadet,13,3,2012
Andre Caldwell,8,3,2012
Ben Hartsock,15,3,2012
Jerrel Jernigan,9,3,2012
Taiwan Jones,14,3,2012
Jermaine Kearse,7,3,2012
Matt Leinart,2,3,2012
Mike McNeill,14,3,2012
David Nelson,1,3,2012
Javon Ringer,2,3,2012
Deonte Thompson,6,3,2012
Eric Weems,16,3,2012
Johnny White,7,3,2012
T.J. Yates,4,3,2012
Derek Anderson,2,2,2012
Dezmon Briscoe,7,2,2012
Chase Daniel,16,2,2012
Jim Dray,13,2,2012
Matt Flynn,3,2,2012
Mardy Gilyard,8,2,2012
Bruce Gradkowski,2,2,2012
Cory Harkey,5,2,2012
Kregg Lumpkin,5,2,2012
Collin Mooney,2,2,2012
Jake O'Connell,8,2,2012
Dan Orlovsky,1,2,2012
Chris Owusu,5,2,2012
Evan Rodriguez,12,2,2012
Weslye Saunders,11,2,2012
Alfonso Smith,11,2,2012
Hayden Smith,5,2,2012
Anthony Armstrong,6,1,2012
Matt Asiata,16,1,2012
LaRon Byrd,4,1,2012
Shaun Chapas,3,1,2012
Chase Coffman,5,1,2012
Austin Collie,1,1,2012
Chris Cooley,9,1,2012
Trent Edwards,1,1,2012
Tommy Gallarda,9,1,2012
David Gilreath,3,1,2012
Jonathan Grimes,11,1,2012
Chris Gronkowski,14,1,2012
Dan Herron,3,1,2012
Andre Holmes,7,1,2012
Robert Hughes,5,1,2012
Brandon Jacobs,2,1,2012
Dominique Jones,4,1,2012
Stefan Logan,16,1,2012
Reagan Maui'a,3,1,2012
Corey McIntyre,16,1,2012
Evan Moore,15,1,2012
Preston Parker,2,1,2012
Lousaka Polite,6,1,2012
Zach Potter,16,1,2012
Allen Reisner,6,1,2012
Courtney Roby,13,1,2012
Dane Sanzenbacher,7,1,2012
Da'Rel Scott,4,1,2012
Rusty Smith,1,1,2012
Isaiah Stanback,6,1,2012
Sammie Stroughter,2,1,2012
Will Ta'ufo'ou,6,1,2012
Ryan Taylor,16,1,2012
Tyler Thigpen,4,1,2012
Jordan Todman,1,1,2012
Jordan White,3,1,2012
Keiland Williams,14,1,2012
Kellen Winslow,1,1,2012
Kamar Aiken,1,,2012
Alvester Alexander,,,2012
Joe Anderson,3,,2012
Adrian Arrington,,,2012
Billy Bajema,8,,2012
Edwin Baker,,,2012
Jake Ballard,,,2012
Joe Banyard,,,2012
Brandon Barden,3,,2012
Phil Bates,,,2012
Travis Beckum,4,,2012
Josh Bellamy,3,,2012
Tim Benford,,,2012
Jahvid Best,,,2012
Matt Blanchard,,,2012
Brandon Bostick,,,2012
Allen Bradford,1,,2012
LaMark Brown,,,2012
Mike Brown,2,,2012
Vincent Brown,,,2012
Lamont Bryant,,,2012
Troy Burrell,,,2012
Deon Butler,1,,2012
Jake Byrne,,,2012
Duke Calhoun,,,2012
David Carr,2,,2012
Derek Carrier,,,2012
Greg Childs,,,2012
Jimmy Clausen,,,2012
Kellen Clemens,2,,2012
Danny Coale,,,2012
B.J. Coleman,,,2012
Derrick Coleman,,,2012
Kevin Cone,12,,2012
John Conner,5,,2012
Mike Cox,8,,2012
B.J. Cunningham,,,2012
Dominique Curry,,,2012
Austin Davis,,,2012
Bryce Davis,,,2012
Dominique Davis,1,,2012
Jeff Demps,,,2012
Dennis Dixon,,,2012
Larry Donnell,,,2012
David Douglas,1,,2012
Drake Dunsmore,,,2012
Jeremy Ebert,,,2012
Michael Egnew,2,,2012
Darren Evans,1,,2012
Bradie Ewing,,,2012
Tony Fiammetta,,,2012
Chase Ford,,,2012
Jeff Fuller,,,2012
Terrance Ganaway,3,,2012
David Gettis,2,,2012
Chris Givens,,,2012
Brittan Golden,,,2012
Richard Goodman,7,,2012
Daniel Graham,6,,2012
Jonas Gray,,,2012
Jared Green,,,2012
Rex Grossman,,,2012
Saalim Hakim,,,2012
Chad Hall,1,,2012
Jewel Hampton,,,2012
Caleb Hanie,,,2012
Darius Hanks,,,2012
Chandler Harnish,,,2012
Clark Harris,16,,2012
Jerome Harrison,,,2012
Cooper Helfet,,,2012
Junior Hemingway,1,,2012
Brad Herman,,,2012
Michael Higgins,2,,2012
Trindon Holliday,15,,2012
Emil Igwenagu,3,,2012
Jerrell Jackson,1,,2012
Marcus Jackson,,,2012
Javarris James,,,2012
A.J. Jenkins,3,,2012
Brian Jennings,16,,2012
Jeremiah Johnson,,,2012
Case Keenum,,,2012
Mike Leach,16,,2012
Ricardo Lockette,,,2012
Lance Long,,,2012
Elbert Mack,7,,2012
Jeff Maehl,,,2012
Owen Marecic,10,,2012
Jeron Mastrud,14,,2012
Josh McCown,,,2012
Luke McCown,2,,2012
Sean McGrath,2,,2012
Marvin McNutt,4,,2012
Davin Meggett,,,2012
Kerry Meier,,,2012
Lonyae Miller,,,2012
Devin Moore,,,2012
Kashif Moore,,,2012
Kellen Moore,,,2012
Cameron Morrah,,,2012
Dale Moss,,,2012
Derek Moye,,,2012
Legedu Naanee,4,,2012
Adam Nissley,,,2012
Danny Noble,4,,2012
Jamize Olawale,3,,2012
Kassim Osgood,16,,2012
Jordan Palmer,,,2012
Nathan Palmer,5,,2012
Deangelo Peterson,,,2012
Chris Polk,7,,2012
Royce Pollard,,,2012
Tauren Poole,,,2012
Taylor Price,,,2012
Andrew Quarless,,,2012
Richard Quinn,,,2012
Bobby Rainey,,,2012
Bert Reed,,,2012
Adrien Robinson,2,,2012
Gerrell Robinson,,,2012
James Rodgers,,,2012
Nelson Rosario,,,2012
Martin Rucker,,,2012
Greg Salas,1,,2012
Owen Schmitt,13,,2012
Tray Session,,,2012
Visanthe Shiancoe,4,,2012
Mickey Shuler,,,2012
Matthew Slater,16,,2012
Brad Smelley,2,,2012
Antone Smith,13,,2012
Armond Smith,4,,2012
Michael Smith,1,,2012
Justin Snow,8,,2012
Nate Solder,16,,2012
Stephen Spach,1,,2012
Kory Sperry,1,,2012
Drew Stanton,,,2012
Nick Stephens,,,2012
Maurice Stovall,10,,2012
Tommy Streeter,,,2012
Chris Summers,,,2012
Phillip Supernaw,,,2012
Andrew Szczerba,,,2012
Alex Tanney,,,2012
Marcus Thigpen,16,,2012
Julius Thomas,4,,2012
Nick Toon,,,2012
Ryan Torain,2,,2012
Patrick Turner,2,,2012
Brian Tyms,,,2012
Josh Vaughan,,,2012
Matt Veldman,,,2012
Joe Webb,1,,2012
Griff Whalen,,,2012
Charlie Whitehurst,,,2012
Fozzy Whittaker,,,2012
Eddie Williams,,,2012
Javarris Williams,,,2012
Mike Willie,,,2012
George Wilson,16,,2012
Will Yeatman,4,,2012
Dedrick Epps,3,-1,2012
Ted Ginn,13,-1,2012
Brock Osweiler,5,-1,2012
Graham Harrell,4,-2,2012
Josh Johnson,1,-2,2012
Ryan Mallett,4,-2,2012
Joe Adams,9,-4,2012
Jamaal Charles,15,308,2013
Peyton Manning,16,414,2013
LeSean McCoy,16,279,2013
Matt Forte,16,265,2013
Marshawn Lynch,16,239,2013
Knowshon Moreno,16,237,2013
Demaryius Thomas,16,229,2013
Josh Gordon,14,227,2013
Calvin Johnson,14,221,2013
Drew Brees,16,358,2013
Jimmy Graham,16,218,2013
A.J. Green,16,209,2013
Brandon Marshall,16,206,2013
Dez Bryant,16,203,2013
Eddie Lacy,15,208,2013
DeMarco Murray,14,205,2013
Adrian Peterson,14,204,2013
Antonio Brown,16,199,2013
Alshon Jeffery,16,195,2013
Vernon Davis,15,161,2013
Chris Johnson,16,198,2013
Eric Decker,16,193,2013
DeSean Jackson,16,191,2013
Julius Thomas,14,151,2013
Fred Jackson,16,188,2013
Reggie Bush,14,185,2013
Ryan Mathews,16,184,2013
Jordy Nelson,16,179,2013
Andre Johnson,16,171,2013
Frank Gore,16,175,2013
Tony Gonzalez,16,136,2013
Le'Veon Bell,13,172,2013
Jordan Cameron,15,134,2013
Pierre Garcon,16,167,2013
Jason Witten,16,133,2013
Alfred Morris,16,169,2013
Vincent Jackson,16,164,2013
Giovani Bernard,16,167,2013
Anquan Boldin,16,161,2013
Joique Bell,16,164,2013
Cam Newton,16,298,2013
Andrew Luck,16,297,2013
Larry Fitzgerald,16,156,2013
Zac Stacy,14,157,2013
Charles Clay,16,119,2013
Andy Dalton,16,290,2013
Greg Olsen,16,118,2013
Keenan Allen,15,149,2013
Philip Rivers,16,287,2013
Julian Edelman,16,147,2013
Matthew Stafford,16,285,2013
Danny Woodhead,16,147,2013
Antonio Gates,16,107,2013
Maurice Jones-Drew,15,144,2013
Riley Cooper,16,139,2013
T.Y. Hilton,16,139,2013
Torrey Smith,16,139,2013
Wes Welker,13,138,2013
Marvin Jones,16,138,2013
Martellus Bennett,16,104,2013
Michael Floyd,16,136,2013
Rashad Jennings,15,139,2013
Russell Wilson,16,272,2013
DeAngelo Williams,15,138,2013
Pierre Thomas,16,136,2013
Jared Cook,16,97,2013
Mike Wallace,16,128,2013
Nick Foles,13,266,2013
Delanie Walker,15,93,2013
Tony Romo,15,265,2013
Brian Hartline,16,126,2013
Colin Kaepernick,16,264,2013
Marques Colston,15,124,2013
Golden Tate,16,123,2013
Victor Cruz,14,122,2013
Coby Fleener,16,89,2013
Kyle Juszczyk,16,,2013
Andre Ellington,15,126,2013
Ben Roethlisberger,16,261,2013
Alex Smith,15,253,2013
Tom Brady,16,252,2013
Matt Ryan,16,248,2013
Ryan Tannehill,16,240,2013
Carson Palmer,16,221,2013
Robert Griffin,13,217,2013
Joe Flacco,16,208,2013
Geno Smith,16,194,2013
Aaron Rodgers,9,171,2013
Eli Manning,16,170,2013
Jay Cutler,11,169,2013
Ryan Fitzpatrick,11,167,2013
Chad Henne,15,165,2013
Mike Glennon,13,158,2013
Terrelle Pryor,11,144,2013
Josh McCown,8,136,2013
EJ Manuel,10,133,2013
Rashard Mendenhall,15,126,2013
Donald Brown,16,123,2013
C.J. Spiller,15,122,2013
Jerricho Cotchery,16,120,2013
Ray Rice,15,120,2013
Stevan Ridley,14,120,2013
Kendall Wright,16,120,2013
LeGarrette Blount,16,119,2013
Sam Bradford,7,119,2013
Emmanuel Sanders,16,117,2013
BenJarvus Green-Ellis,16,116,2013
Jason Campbell,9,115,2013
Harry Douglas,16,115,2013
Steven Jackson,12,115,2013
Rod Streater,16,113,2013
Eddie Royal,15,111,2013
Ben Tate,14,111,2013
Doug Baldwin,16,110,2013
Matt Cassel,9,110,2013
Trent Richardson,16,110,2013
Nate Washington,16,110,2013
Christian Ponder,9,107,2013
Greg Jennings,15,106,2013
Cordarrelle Patterson,16,105,2013
Matt Schaub,10,105,2013
Case Keenum,8,104,2013
Bilal Powell,16,104,2013
Chris Ivory,15,102,2013
Darren Sproles,15,102,2013
Terrance Williams,16,102,2013
Michael Vick,7,101,2013
James Jones,14,100,2013
Jake Locker,7,100,2013
Denarius Moore,13,100,2013
Steve Smith,15,99,2013
Lamar Miller,16,98,2013
Dwayne Bowe,15,97,2013
Mike Tolbert,16,97,2013
Marlon Brown,14,96,2013
Cecil Shorts,13,96,2013
Bobby Rainey,15,95,2013
Rueben Randle,16,95,2013
Kenny Stills,16,95,2013
Brandon LaFell,16,94,2013
Shane Vereen,8,92,2013
DeAndre Hopkins,16,90,2013
Hakeem Nicks,15,90,2013
Brandon Weeden,8,90,2013
Ted Ginn,16,89,2013
Jacquizz Rodgers,15,89,2013
Montee Ball,16,88,2013
Kellen Clemens,10,87,2013
Arian Foster,8,87,2013
Roddy White,13,87,2013
Tim Wright,16,87,2013
Jarrett Boykin,16,86,2013
Tavon Austin,13,85,2013
Brent Celek,16,84,2013
Garrett Graham,13,83,2013
Rob Gronkowski,7,83,2013
Daniel Thomas,15,83,2013
James Starks,13,82,2013
Darren McFadden,10,81,2013
Marcel Reece,16,80,2013
Robert Woods,14,80,2013
Steve Johnson,12,79,2013
Matt McGloin,7,79,2013
Jerome Simpson,16,79,2013
Matt Flynn,9,78,2013
Roy Helu,16,77,2013
Scott Chandler,16,76,2013
Aaron Dobson,12,76,2013
Brandon Myers,16,76,2013
Danny Amendola,12,75,2013
Randall Cobb,6,75,2013
Andre Brown,8,74,2013
Zach Ertz,16,73,2013
Jordan Reed,9,72,2013
Jeremy Kerley,12,71,2013
Kenbrell Thompkins,12,71,2013
Donnie Avery,16,70,2013
Julio Jones,5,69,2013
Zach Miller,14,69,2013
Chris Ogbonnaya,16,68,2013
Tiquan Underwood,12,68,2013
Joseph Fauria,16,67,2013
Bernard Pierce,16,66,2013
Mychal Rivera,16,65,2013
Reggie Wayne,7,65,2013
Jeff Cumberland,15,64,2013
Jermaine Gresham,14,64,2013
Dexter McCluster,15,64,2013
Austin Pettis,16,64,2013
Heath Miller,14,63,2013
Jason Snelling,14,62,2013
Kris Durham,16,61,2013
Jarius Wright,16,61,2013
Brandon Bolden,12,60,2013
Ace Sanders,15,60,2013
Justin Hunter,14,59,2013
Thaddeus Lewis,6,59,2013
Greg Little,16,59,2013
Andre Roberts,16,59,2013
Jacoby Jones,12,58,2013
Marcedes Lewis,11,58,2013
Mohamed Sanu,16,58,2013
Tyler Eifert,15,57,2013
Shonn Greene,11,57,2013
Jermaine Kearse,15,57,2013
Rishard Matthews,16,57,2013
Chris Givens,16,56,2013
Ladarius Green,16,56,2013
Leonard Hankerson,10,56,2013
Doug Martin,6,56,2013
Lance Moore,13,56,2013
Santana Moss,16,56,2013
Jason Avant,16,55,2013
Mike Brown,11,55,2013
Jerrel Jernigan,15,55,2013
Jordan Todman,16,55,2013
Bryce Brown,16,54,2013
Knile Davis,16,54,2013
David Nelson,12,54,2013
Vincent Brown,16,53,2013
Kendall Hunter,16,53,2013
Mark Ingram,11,53,2013
Dallas Clark,12,52,2013
Santonio Holmes,11,52,2013
Brandon Pettigrew,14,52,2013
Nate Burleson,9,51,2013
Brandon Gibson,7,51,2013
Rob Housler,13,51,2013
Kellen Winslow,12,51,2013
Earl Bennett,15,50,2013
Lance Kendricks,15,50,2013
Willis McGahee,12,50,2013
Cole Beasley,14,49,2013
Justin Blackmon,4,49,2013
Michael Bush,15,49,2013
Andre Holmes,10,49,2013
Kyle Rudolph,8,49,2013
Davone Bess,14,48,2013
Jermichael Finley,6,48,2013
T.J. Graham,16,48,2013
Aldrick Robinson,16,48,2013
Toby Gerhart,14,47,2013
Brandon Jacobs,7,47,2013
Andrew Quarless,16,47,2013
Marquise Goodwin,12,46,2013
Darrius Heyward-Bey,16,44,2013
Peyton Hillis,7,44,2013
Robert Meachem,15,44,2013
Owen Daniels,5,43,2013
Sean McGrath,16,42,2013
Brian Quick,16,42,2013
Logan Paulsen,16,41,2013
Brian Hoyer,3,40,2013
Griff Whalen,9,40,2013
Andre Caldwell,16,39,2013
Clay Harbor,16,39,2013
Kevin Ogletree,16,39,2013
Sidney Rice,8,39,2013
John Carlson,13,38,2013
Benny Cunningham,14,38,2013
Anthony Fasano,9,38,2013
Ronnie Hillman,10,38,2013
Stephen Hill,12,38,2013
Mike James,8,38,2013
Kirk Cousins,5,36,2013
Brian Leonard,16,36,2013
Chris Polk,15,36,2013
Edwin Baker,3,35,2013
Ahmad Bradshaw,3,35,2013
Keshawn Martin,16,35,2013
Joseph Randle,13,35,2013
Ben Watson,15,35,2013
Fozzy Whittaker,14,35,2013
Darrel Young,13,35,2013
Matt Asiata,11,34,2013
Michael Crabtree,5,34,2013
Drew Davis,16,34,2013
Daryl Richardson,8,34,2013
Scott Tolzien,3,34,2013
Mike Williams,6,34,2013
Ed Dickson,16,33,2013
Luke Willson,16,33,2013
Stedman Bailey,16,32,2013
Jim Dray,16,32,2013
Da'Rick Rogers,5,31,2013
Josh Freeman,4,30,2013
Ryan Griffin,15,30,2013
Robert Turbin,16,30,2013
Tandon Doss,15,29,2013
Kerry Taylor,10,29,2013
LaVon Brazill,10,28,2013
Ronnie Brown,16,28,2013
Khiry Robinson,10,28,2013
Antone Smith,15,28,2013
Jonathan Dwyer,15,26,2013
Bruce Miller,14,26,2013
Gary Barnidge,16,25,2013
Gavin Escobar,16,25,2013
Darius Johnson,10,25,2013
Frank Summers,15,25,2013
Miles Austin,11,24,2013
Jackie Battle,16,24,2013
Da'Rel Scott,5,24,2013
Jacob Tamme,16,24,2013
Cory Harkey,15,23,2013
Junior Hemingway,16,23,2013
Dennis Johnson,8,23,2013
Felix Jones,16,23,2013
Josh Morgan,14,23,2013
Kyle Orton,3,23,2013
Dennis Pitta,4,23,2013
Jonathan Stewart,6,22,2013
Anthony Dixon,16,21,2013
Jake Ballard,8,20,2013
Jaron Brown,16,20,2013
Stanley Havili,13,20,2013
Andrew Hawkins,8,20,2013
Michael Hoomanawanui,13,20,2013
Anthony Sherman,16,20,2013
Tashard Choice,15,19,2013
Lance Dunbar,9,19,2013
Jonathan Grimes,2,19,2013
Dwayne Harris,13,19,2013
Stepfan Taylor,16,19,2013
Brandon Bostick,11,18,2013
Johnathan Franklin,11,18,2013
Marcus Thigpen,16,18,2013
Levine Toilolo,16,18,2013
Chase Daniel,5,17,2013
David Wilson,5,17,2013
Jed Collins,16,16,2013
Tarvaris Jackson,3,16,2013
John Kuhn,15,16,2013
DeVier Posey,14,16,2013
Michael Preston,7,16,2013
Alfonso Smith,16,16,2013
Damian Williams,10,16,2013
Malcom Floyd,2,15,2013
Jeremy Ross,13,15,2013
Brittan Golden,5,14,2013
A.J. Jenkins,16,14,2013
Greg Salas,8,14,2013
Kyle Williams,10,14,2013
Travis Benjamin,8,13,2013
Tommy Bohanon,16,13,2013
Derrick Coleman,12,13,2013
Fred Davis,10,13,2013
James Develin,16,13,2013
Chase Ford,9,13,2013
Vonta Leach,16,13,2013
Jeff Maehl,16,13,2013
Seyi Ajirotutu,14,12,2013
Josh Boyce,9,12,2013
Rhett Ellison,11,12,2013
Blaine Gabbert,3,12,2013
Clyde Gates,6,12,2013
Domenik Hixon,15,12,2013
Vance McDonald,15,12,2013
Danny Noble,8,12,2013
Isaiah Pead,10,12,2013
Brandon Stokley,6,12,2013
Jeff Tuel,2,12,2013
Joel Dreessen,13,11,2013
Justin Forsett,9,11,2013
Chris Gragg,9,11,2013
Chris Owusu,9,11,2013
Theo Riddick,14,11,2013
Phillip Tanner,16,11,2013
Kenny Britt,12,10,2013
Brice Butler,10,10,2013
Josh Hill,14,10,2013
Will Johnson,15,10,2013
Matt Simms,3,10,2013
Deonte Thompson,7,10,2013
Ryan Broyles,6,9,2013
Stephen Burton,4,9,2013
Kellen Davis,15,9,2013
Jacoby Ford,14,9,2013
Dan Herron,6,9,2013
Mario Manningham,6,9,2013
Jeron Mastrud,16,9,2013
Dion Sims,15,9,2013
Dwayne Allen,1,8,2013
Tom Crabtree,7,8,2013
Josh Cribbs,6,8,2013
Mike Goodson,2,8,2013
Chris Hogan,16,8,2013
LaMichael James,10,8,2013
Ricardo Lockette,8,8,2013
Christine Michael,4,8,2013
Derek Moye,7,8,2013
Matthew Mulligan,15,8,2013
Louis Murphy,14,8,2013
Bear Pascoe,16,8,2013
David Paulson,16,8,2013
Tony Scheffler,5,8,2013
Lee Smith,16,8,2013
Travaris Cadet,13,7,2013
Michael Egnew,16,7,2013
Cyrus Gray,16,7,2013
James Hanna,16,7,2013
David Johnson,5,7,2013
Nick Kasa,16,7,2013
Marlon Moore,14,7,2013
Jamize Olawale,16,7,2013
Alex Smith,16,7,2013
Matt Spaeth,4,7,2013
Jeremy Stewart,13,7,2013
Taylor Thompson,16,7,2013
Nick Toon,8,7,2013
Myles White,7,7,2013
Vick Ballard,1,6,2013
Austin Collie,7,6,2013
Josh Cooper,5,6,2013
Michael Cox,14,6,2013
Tony Fiammetta,16,6,2013
Taiwan Jones,16,6,2013
Quinton Patton,6,6,2013
Dane Sanzenbacher,10,6,2013
Zach Sudfeld,14,6,2013
Markus Wheaton,12,6,2013
Patrick DiMarco,14,5,2013
Patrick Edwards,4,5,2013
MarQueis Gray,12,5,2013
Virgil Green,16,5,2013
Michael Hill,8,5,2013
Deji Karim,7,5,2013
Erik Lorig,15,5,2013
Niles Paul,15,5,2013
Weslye Saunders,6,5,2013
Tyrod Taylor,3,5,2013
Teddy Williams,3,5,2013
C.J. Anderson,5,4,2013
Kevin Brock,8,4,2013
Nate Byham,4,4,2013
Garrett Celek,12,4,2013
Jeff Demps,2,4,2013
Jerome Felton,13,4,2013
Alex Green,13,4,2013
Lestar Jean,13,4,2013
Greg Jones,16,4,2013
Brock Osweiler,4,4,2013
Eric Page,16,4,2013
Allen Reisner,5,4,2013
Will Ta'ufo'ou,16,4,2013
Seneca Wallace,2,4,2013
Nick Williams,5,4,2013
Jonathan Baldwin,7,3,2013
James Casey,15,3,2013
John Conner,13,3,2013
Juron Criner,1,3,2013
Dominique Davis,1,3,2013
Skye Dawson,7,3,2013
Dorin Dickerson,5,3,2013
Larry Donnell,16,3,2013
Bradie Ewing,2,3,2013
Matt Hasselbeck,3,3,2013
Dominique Jones,8,3,2013
Le'Ron McClain,16,3,2013
Collin Mooney,12,3,2013
John Phillips,15,3,2013
Isaac Redman,3,3,2013
Denard Robinson,16,3,2013
Michael Robinson,9,3,2013
Brad Smith,8,3,2013
LaRod Stephens-Howling,1,3,2013
Ryan Taylor,14,3,2013
Lamaar Thomas,2,3,2013
Joe Webb,16,3,2013
Billy Bajema,6,2,2013
Matt Barkley,3,2,2013
Jack Doyle,15,2,2013
Jeremy Ebert,5,2,2013
Mike Gillislee,3,2,2013
Ray Graham,1,2,2013
Tori Gurley,3,2,2013
Chad Hall,9,2,2013
Percy Harvin,1,2,2013
Josh Johnson,2,2,2013
Kassim Osgood,14,2,2013
Cedric Peerman,16,2,2013
Bernard Scott,2,2,2013
Kory Sperry,8,2,2013
Joe Banyard,3,1,2013
Kenjon Barner,8,1,2013
Orson Charles,13,1,2013
Kevin Cone,16,1,2013
Marcus Easley,16,1,2013
Armanti Edwards,6,1,2013
Robert Hughes,2,1,2013
Henry Hynoski,3,1,2013
Mikel Leshoure,3,1,2013
Zach Line,3,1,2013
Mike McNeill,14,1,2013
Ben Obomanu,3,1,2013
Michael Palmer,16,1,2013
Konrad Reuland,10,1,2013
Dante Rosario,15,1,2013
Armond Smith,5,1,2013
Craig Stevens,15,1,2013
Brandon Tate,16,1,2013
Brian Tyms,7,1,2013
Spencer Ware,2,1,2013
Eric Weems,16,1,2013
Marquess Wilson,10,1,2013
Ronnie Wingo,2,1,2013
Cierre Wood,5,1,2013
T.J. Yates,3,1,2013
Derek Anderson,4,,2013
Joe Anderson,6,,2013
Josh Bellamy,5,,2013
Kahlil Bell,3,,2013
Allen Bradford,10,,2013
Rex Burkhead,1,,2013
Jake Byrne,8,,2013
Derek Carrier,5,,2013
Delone Carter,1,,2013
Chase Coffman,11,,2013
B.J. Cunningham,2,,2013
Justice Cunningham,2,,2013
Shaun Draughn,3,,2013
Michael Ford,12,,2013
Richard Gordon,2,,2013
Saalim Hakim,3,,2013
Chris Harper,4,,2013
Clark Harris,16,,2013
Ben Hartsock,13,,2013
Lavelle Hawkins,4,,2013
Shaun Hill,1,,2013
D.C. Jefferson,4,,2013
Quinn Johnson,4,,2013
Landry Jones,1,,2013
Travis Kelce,1,,2013
Mike Leach,16,,2013
Lance Lewis,3,,2013
Elbert Mack,8,,2013
Colt McCoy,4,,2013
Luke McCown,16,,2013
Marvin McNutt,1,,2013
Keavon Milton,8,,2013
Tony Moeaki,2,,2013
Dan Orlovsky,2,,2013
Montell Owens,1,,2013
Tobais Palmer,1,,2013
Chris Rainey,2,,2013
David Reed,7,,2013
Adrien Robinson,1,,2013
Brian Robiskie,1,,2013
Evan Rodriguez,7,,2013
Evan Royster,10,,2013
Russell Shepard,14,,2013
Visanthe Shiancoe,1,,2013
Matthew Slater,12,,2013
Brad Smelley,2,,2013
Rodney Smith,4,,2013
Nate Solder,15,,2013
Ryan Spadola,4,,2013
Micheal Spurlock,11,,2013
Luke Stocker,2,,2013
Jake Stoneburner,9,,2013
Phillip Supernaw,1,,2013
Julian Talley,2,,2013
Chris Thompson,4,,2013
Matthew Tucker,2,,2013
Josh Vaughan,6,,2013
Matt Veldman,1,,2013
Justin Veltung,3,,2013
Leon Washington,7,,2013
Ryan Whalen,4,,2013
Brandon Williams,9,,2013
Kerwynn Williams,2,,2013
Stephen Williams,6,,2013
George Wilson,16,,2013
Will Yeatman,8,,2013
Richie Brockel,16,-1,2013
Damaris Johnson,13,-1,2013
Charlie Whitehurst,2,-1,2013
Tyler Clutts,8,-2,2013
Greg Jenkins,6,-2,2013
Matt Moore,1,-2,2013
Curtis Painter,3,-2,2013
Darius Reynaud,9,-2,2013
Devon Wylie,2,-2,2013
Trindon Holliday,15,-3,2013
DeMarco Murray,16,294,2014
Le'Veon Bell,16,288,2014
Marshawn Lynch,16,265,2014
Antonio Brown,16,252,2014
Matt Forte,16,245,2014
Arian Foster,13,236,2014
Eddie Lacy,16,231,2014
Jordy Nelson,16,230,2014
Demaryius Thomas,16,230,2014
Dez Bryant,16,228,2014
Rob Gronkowski,15,184,2014
Aaron Rodgers,16,358,2014
Jamaal Charles,15,210,2014
Andrew Luck,16,356,2014
Justin Forsett,16,205,2014
Odell Beckham,12,204,2014
Randall Cobb,16,202,2014
Emmanuel Sanders,16,201,2014
Julio Jones,15,193,2014
Jeremy Maclin,16,192,2014
Lamar Miller,16,185,2014
Russell Wilson,16,332,2014
Jeremy Hill,16,184,2014
Antonio Gates,16,154,2014
C.J. Anderson,15,177,2014
T.Y. Hilton,15,179,2014
Jimmy Graham,16,145,2014
Mike Evans,15,177,2014
Alshon Jeffery,16,177,2014
LeSean McCoy,16,171,2014
Alfred Morris,16,171,2014
Peyton Manning,16,313,2014
Joique Bell,15,166,2014
Greg Olsen,16,137,2014
Ben Roethlisberger,16,310,2014
Mark Ingram,13,163,2014
Martellus Bennett,16,132,2014
Drew Brees,16,305,2014
Golden Tate,16,162,2014
Coby Fleener,16,125,2014
Calvin Johnson,13,156,2014
DeAndre Hopkins,16,155,2014
Kelvin Benjamin,16,155,2014
Matt Asiata,15,150,2014
Julius Thomas,13,121,2014
DeSean Jackson,15,154,2014
Frank Gore,16,148,2014
Giovani Bernard,13,145,2014
Delanie Walker,15,113,2014
Mike Wallace,16,146,2014
Travis Kelce,16,110,2014
Torrey Smith,16,143,2014
Matt Ryan,16,284,2014
Steve Smith,16,141,2014
Chris Ivory,16,134,2014
Tom Brady,16,280,2014
Anquan Boldin,16,137,2014
Brandon LaFell,16,137,2014
A.J. Green,13,136,2014
Ryan Tannehill,16,279,2014
Andre Ellington,12,132,2014
Jordan Matthews,16,135,2014
Jason Witten,16,100,2014
Sammy Watkins,16,133,2014
Julian Edelman,14,133,2014
Roddy White,14,132,2014
Eli Manning,16,270,2014
Andre Williams,16,127,2014
Heath Miller,16,94,2014
Fred Jackson,14,123,2014
Eric Decker,15,126,2014
Steven Jackson,15,122,2014
Jonathan Stewart,13,121,2014
Tony Romo,15,266,2014
Bradie Ewing,0,,2014
Philip Rivers,16,266,2014
Mohamed Sanu,16,123,2014
Richie Brockel,4,,2014
Joe Flacco,16,262,2014
Jay Cutler,15,256,2014
Matthew Stafford,16,254,2014
Colin Kaepernick,16,251,2014
Cam Newton,14,249,2014
Andy Dalton,16,225,2014
Alex Smith,15,224,2014
Derek Carr,16,192,2014
Teddy Bridgewater,13,180,2014
Ryan Fitzpatrick,12,180,2014
Kyle Orton,12,176,2014
Blake Bortles,14,174,2014
Brian Hoyer,14,159,2014
Geno Smith,14,157,2014
Mark Sanchez,9,139,2014
Josh McCown,11,127,2014
Malcom Floyd,16,122,2014
Nick Foles,8,119,2014
Tre Mason,12,119,2014
Eddie Royal,16,119,2014
Marques Colston,16,118,2014
Michael Floyd,16,118,2014
Brandon Marshall,13,118,2014
Ahmad Bradshaw,10,117,2014
Shane Vereen,16,114,2014
Isaiah Crowell,16,113,2014
Rueben Randle,16,112,2014
Kenny Stills,15,111,2014
Kendall Wright,14,111,2014
Vincent Jackson,16,110,2014
Greg Jennings,16,110,2014
Terrance Williams,16,110,2014
Rashad Jennings,11,109,2014
Branden Oliver,14,109,2014
Austin Davis,10,108,2014
Andre Johnson,15,106,2014
Carson Palmer,6,106,2014
Darren Sproles,15,106,2014
Martavis Bryant,10,104,2014
Allen Hurns,16,104,2014
Terrance West,14,102,2014
Doug Baldwin,16,101,2014
James Jones,16,101,2014
Robert Woods,16,100,2014
John Brown,16,99,2014
Knile Davis,16,99,2014
Keenan Allen,14,98,2014
Jarvis Landry,16,97,2014
Andrew Hawkins,15,96,2014
Drew Stanton,9,95,2014
Kenny Britt,16,94,2014
Michael Crabtree,16,94,2014
Pierre Garcon,16,93,2014
Andre Holmes,16,93,2014
Chris Johnson,16,91,2014
Trent Richardson,15,91,2014
Denard Robinson,13,91,2014
Larry Donnell,16,90,2014
Larry Fitzgerald,14,90,2014
Mike Glennon,6,90,2014
Reggie Wayne,15,90,2014
Robert Griffin,9,89,2014
Shaun Hill,9,89,2014
Dwayne Allen,13,88,2014
LeGarrette Blount,16,88,2014
Kirk Cousins,6,88,2014
Charlie Whitehurst,7,87,2014
Brandin Cooks,10,86,2014
Zach Ertz,16,86,2014
Roy Helu,14,85,2014
Darren McFadden,16,85,2014
Alfred Blue,16,82,2014
Jared Cook,16,81,2014
Ronnie Hillman,8,81,2014
Benny Cunningham,16,80,2014
Charles Clay,14,79,2014
Percy Harvin,13,79,2014
Bobby Rainey,15,78,2014
Bishop Sankey,16,78,2014
Pierre Thomas,11,78,2014
Markus Wheaton,16,78,2014
Jarius Wright,16,78,2014
Dwayne Bowe,15,77,2014
Owen Daniels,15,77,2014
Nate Washington,16,77,2014
Jermaine Gresham,15,76,2014
Mychal Rivera,16,75,2014
Riley Cooper,16,74,2014
Jonas Gray,8,72,2014
Zach Mettenberger,7,71,2014
Harry Douglas,12,70,2014
Devin Hester,16,70,2014
Miles Austin,12,69,2014
Taylor Gabriel,16,69,2014
Latavius Murray,15,69,2014
Allen Robinson,10,69,2014
Scott Chandler,16,68,2014
Justin Hunter,12,68,2014
Doug Martin,11,68,2014
Reggie Bush,11,67,2014
Jerick McKinnon,11,67,2014
Cecil Shorts,13,67,2014
Ben Tate,11,67,2014
Jerricho Cotchery,15,66,2014
Hakeem Nicks,16,65,2014
Antone Smith,10,65,2014
Lorenzo Taliaferro,13,65,2014
Jermaine Kearse,15,64,2014
Jake Locker,7,64,2014
Donte Moncrief,16,64,2014
Davante Adams,16,63,2014
Chris Hogan,16,63,2014
Colt McCoy,5,63,2014
Cole Beasley,16,62,2014
Carlos Hyde,14,62,2014
Steve Johnson,13,62,2014
Tim Wright,16,62,2014
Toby Gerhart,14,61,2014
Theo Riddick,14,61,2014
Anthony Dixon,16,60,2014
Charles Johnson,12,60,2014
Jeremy Kerley,16,60,2014
Cordarrelle Patterson,16,60,2014
Robert Turbin,16,60,2014
Tavon Austin,15,59,2014
Brian Hartline,16,59,2014
EJ Manuel,5,59,2014
James Starks,16,59,2014
Ryan Mathews,6,58,2014
Wes Welker,14,58,2014
Devonta Freeman,16,57,2014
Khiry Robinson,10,57,2014
Lance Kendricks,16,56,2014
Brian Quick,7,56,2014
Luke Willson,15,56,2014
Niles Paul,16,55,2014
Andre Roberts,16,55,2014
Stepfan Taylor,14,55,2014
Jordan Cameron,10,54,2014
Dan Herron,16,54,2014
Andrew Quarless,16,54,2014
Jacquizz Rodgers,16,53,2014
Derek Anderson,6,52,2014
Preston Parker,16,52,2014
Stedman Bailey,14,51,2014
Travis Benjamin,16,51,2014
Shonn Greene,13,51,2014
Joseph Randle,16,51,2014
Louis Murphy,11,50,2014
Jordan Todman,16,50,2014
Jace Amaro,14,49,2014
Corey Brown,13,49,2014
Anthony Fasano,15,49,2014
Marqise Lee,13,49,2014
Josh Hill,16,48,2014
Bernard Pierce,13,48,2014
Stevan Ridley,6,48,2014
Juwan Thompson,15,48,2014
C.J. Spiller,9,47,2014
Zac Stacy,13,47,2014
Kamar Aiken,16,45,2014
Jordan Reed,11,45,2014
Michael Vick,10,45,2014
Donald Brown,13,43,2014
John Carlson,16,43,2014
Jeff Cumberland,16,43,2014
Chris Polk,14,43,2014
Charles Sims,8,42,2014
Jason Avant,16,41,2014
Daniel Fells,16,41,2014
Damaris Johnson,16,41,2014
Daniel Thomas,12,41,2014
Brice Butler,15,40,2014
Victor Cruz,6,40,2014
Dion Sims,14,40,2014
Darrel Young,16,40,2014
Marcel Reece,15,39,2014
Brent Celek,16,38,2014
Vernon Davis,14,37,2014
Clay Harbor,13,37,2014
Dexter McCluster,14,37,2014
Damien Williams,16,37,2014
Brandon Gibson,14,36,2014
Jaron Brown,16,35,2014
Travaris Cadet,15,35,2014
Gavin Escobar,16,35,2014
Marcedes Lewis,8,35,2014
Brandon Lloyd,14,35,2014
Richard Rodgers,16,35,2014
Kyle Rudolph,9,35,2014
Lance Moore,14,34,2014
Levine Toilolo,16,34,2014
Leon Washington,16,34,2014
Paul Richardson,15,33,2014
Jeremy Ross,16,33,2014
De'Anthony Thomas,12,33,2014
Fozzy Whittaker,10,33,2014
Lance Dunbar,16,32,2014
Chase Ford,11,32,2014
Ricardo Lockette,16,32,2014
Austin Seferian-Jenkins,9,32,2014
Eric Ebron,13,31,2014
Derek Hagan,16,31,2014
Cooper Helfet,10,31,2014
Jim Dray,16,30,2014
Josh Gordon,5,30,2014
Chad Henne,3,30,2014
Bruce Miller,16,30,2014
Rhett Ellison,16,29,2014
Bilal Powell,15,29,2014
Bryce Brown,7,28,2014
Ben Watson,16,28,2014
Montee Ball,5,27,2014
Bruce Ellington,13,27,2014
Kenbrell Thompkins,14,27,2014
Danny Amendola,16,26,2014
Marlon Brown,14,26,2014
Garrett Graham,11,26,2014
Rishard Matthews,14,26,2014
Nick Toon,8,26,2014
Kerwynn Williams,5,26,2014
Albert Wilson,12,26,2014
Corey Fuller,16,25,2014
Greg Salas,10,25,2014
Brandon Tate,16,25,2014
Jack Doyle,16,24,2014
Jonathan Grimes,16,24,2014
Silas Redd,15,24,2014
DeAngelo Williams,6,24,2014
Matt Cassel,3,23,2014
Ladarius Green,14,23,2014
Case Keenum,2,23,2014
Ka'Deem Carey,14,22,2014
Chris Givens,14,22,2014
Ryan Lindley,3,22,2014
Knowshon Moreno,3,22,2014
Chris Owusu,8,22,2014
Eric Weems,16,22,2014
Brenton Bersin,15,21,2014
Jacob Tamme,15,21,2014
Ted Ginn,16,20,2014
Peyton Hillis,9,20,2014
Storm Johnson,6,20,2014
Kyle Juszczyk,16,20,2014
Ryan Mallett,3,20,2014
Adam Thielen,16,20,2014
Brandon Weeden,5,20,2014
Mike Williams,9,20,2014
Marquess Wilson,7,20,2014
Joe McKnight,2,19,2014
Christine Michael,10,19,2014
Tony Moeaki,6,19,2014
Brandon Myers,14,19,2014
James Casey,16,18,2014
Ed Dickson,16,18,2014
Crockett Gillmore,15,18,2014
Austin Pettis,9,18,2014
Maurice Jones-Drew,12,17,2014
Matt Hasselbeck,4,17,2014
John Kuhn,16,17,2014
Mike Tolbert,8,17,2014
Donnie Avery,6,16,2014
Gary Barnidge,13,16,2014
Brandon Bolden,16,16,2014
Michael Campanaro,4,16,2014
Jimmy Clausen,4,16,2014
Jonathan Dwyer,2,16,2014
Dontrelle Inman,7,16,2014
Josh Morgan,14,16,2014
Joe Morgan,5,16,2014
Joe Banyard,15,15,2014
Joseph Fauria,7,15,2014
T.J. Graham,12,15,2014
Ryan Griffin,16,15,2014
Robert Hughes,16,15,2014
Zurlon Tipton,6,15,2014
Rex Burkhead,9,14,2014
Virgil Green,13,14,2014
Cory Harkey,16,14,2014
Jamize Olawale,16,14,2014
Anthony Sherman,16,14,2014
Rod Streater,3,14,2014
Brian Tyms,11,14,2014
Orleans Darkwa,11,13,2014
MarQueis Gray,13,13,2014
Marion Grice,10,13,2014
Rob Housler,15,13,2014
Dennis Pitta,3,13,2014
Matt Spaeth,15,13,2014
Vincent Brown,7,12,2014
Chase Coffman,13,12,2014
Jed Collins,16,12,2014
John Conner,12,12,2014
Patrick DiMarco,16,12,2014
Jimmy Garoppolo,6,12,2014
Robert Herron,8,12,2014
Johnny Manziel,5,12,2014
Santana Moss,10,12,2014
Logan Paulsen,16,12,2014
Christian Ponder,2,12,2014
Dante Rosario,16,12,2014
James Wright,11,12,2014
Ronnie Brown,10,11,2014
Derek Carrier,11,11,2014
Chris Gragg,10,11,2014
Junior Hemingway,14,11,2014
Jacoby Jones,16,11,2014
Robert Meachem,11,11,2014
Chris Ogbonnaya,7,11,2014
Darrin Reaves,6,11,2014
Adrien Robinson,16,11,2014
Corey Washington,14,11,2014
Jackie Battle,16,10,2014
Austin Johnson,7,10,2014
Brian Leonhardt,12,10,2014
Denarius Moore,10,10,2014
Kevin Norwood,9,10,2014
Lee Smith,14,10,2014
Chris Thompson,2,10,2014
Derrick Coleman,5,9,2014
C.J. Fiedorowicz,15,9,2014
Cyrus Gray,9,9,2014
Ryan Hewitt,16,9,2014
Josh Huff,12,9,2014
A.J. Jenkins,9,9,2014
David Nelson,6,9,2014
Adrian Peterson,1,9,2014
Zach Sudfeld,16,9,2014
Frank Summers,10,9,2014
Chase Daniel,3,8,2014
DuJuan Harris,15,8,2014
Dwayne Harris,16,8,2014
Nic Jacobs,13,8,2014
Keshawn Martin,16,8,2014
Zach Miller,3,8,2014
Dane Sanzenbacher,10,8,2014
Will Ta'ufo'ou,16,8,2014
Justin Brown,8,7,2014
Mike Brown,5,7,2014
Darren Fells,10,7,2014
Ryan Grant,16,7,2014
Santonio Holmes,9,7,2014
Greg Little,6,7,2014
Erik Lorig,10,7,2014
Cedric Peerman,16,7,2014
Brandon Pettigrew,14,7,2014
Logan Thomas,2,7,2014
George Winn,12,7,2014
Danny Woodhead,3,7,2014
Dri Archer,12,6,2014
Brandon Bostick,13,6,2014
Blaine Gabbert,1,6,2014
Jorvorskie Lane,9,6,2014
Brock Osweiler,4,6,2014
Michael Palmer,15,6,2014
Bear Pascoe,16,6,2014
John Phillips,16,6,2014
Russell Shepard,16,6,2014
Bryan Walters,13,6,2014
James White,3,6,2014
Seyi Ajirotutu,16,5,2014
Andre Caldwell,16,5,2014
Garrett Celek,3,5,2014
James Develin,16,5,2014
Kris Durham,4,5,2014
Marquise Goodwin,10,5,2014
Frankie Hammond,16,5,2014
James Hanna,16,5,2014
Jeff Maehl,8,5,2014
Matt McGloin,1,5,2014
Kevin Ogletree,7,5,2014
Trey Watts,14,5,2014
Michael Cox,4,4,2014
Aaron Dobson,4,4,2014
Tyler Eifert,1,4,2014
Michael Hoomanawanui,16,4,2014
Jerrel Jernigan,2,4,2014
Will Johnson,16,4,2014
Troy Niklas,7,4,2014
Quinton Patton,4,4,2014
Ace Sanders,12,4,2014
Connor Shaw,1,4,2014
Luke Stocker,13,4,2014
Fitzgerald Toussaint,4,4,2014
Brandon Williams,14,4,2014
Tommy Bohanon,4,3,2014
Ryan Broyles,5,3,2014
Jerome Felton,16,3,2014
Mike James,11,3,2014
DeVier Posey,1,3,2014
Alfonso Smith,6,3,2014
Craig Stevens,5,3,2014
Phillip Supernaw,8,3,2014
Ray Agnew,12,2,2014
Jarrett Boykin,13,2,2014
Cameron Brate,5,2,2014
Kevin Brock,14,2,2014
Shaun Draughn,10,2,2014
Demetrius Harris,8,2,2014
Josh Harris,5,2,2014
Gator Hoskins,15,2,2014
Jeff Janis,3,2,2014
Cody Latimer,8,2,2014
Brian Leonard,1,2,2014
Ryan Nassib,4,2,2014
Solomon Patton,13,2,2014
Jay Prosch,16,2,2014
Matt Simms,1,2,2014
Kiero Small,3,2,2014
Jeremy Stewart,6,2,2014
Devin Street,16,2,2014
Taylor Thompson,3,2,2014
Joe Webb,7,2,2014
Antonio Andrews,4,1,2014
David Ausberry,6,1,2014
Trey Burton,15,1,2014
Jason Campbell,4,1,2014
Josh Cribbs,6,1,2014
Darrius Heyward-Bey,16,1,2014
Henry Hynoski,16,1,2014
LaMichael James,3,1,2014
Marcel Jensen,1,1,2014
Tavarres King,2,1,2014
Vance McDonald,8,1,2014
Matt Moore,2,1,2014
Aldrick Robinson,7,1,2014
Courtney Roby,4,1,2014
Brad Smith,13,1,2014
Micheal Spurlock,1,1,2014
Will Tukuafu,9,1,2014
Damian Williams,3,1,2014
T.J. Yates,1,1,2014
Jared Abbrederis,0,,2014
D.J. Adams,0,,2014
Rashaun Allen,1,,2014
Blake Annen,5,,2014
Edwin Baker,3,,2014
Vick Ballard,0,,2014
Brandon Barden,0,,2014
Matt Barkley,1,,2014
Kenjon Barner,0,,2014
Phil Bates,1,,2014
Alex Bayer,6,,2014
Josh Bellamy,4,,2014
Tim Benford,0,,2014
Kapri Bibbs,0,,2014
Justin Blackmon,0,,2014
Emory Blake,0,,2014
Matt Blanchard,0,,2014
Rob Blanchflower,0,,2014
Ted Bolser,0,,2014
Alan Bonner,0,,2014
Josh Boyce,1,,2014
Allen Bradford,1,,2014
Sam Bradford,0,,2014
Tyler Bray,0,,2014
Michael Bush,0,,2014
Jeremy Butler,0,,2014
LaRon Byrd,1,,2014
Jake Byrne,0,,2014
Brelon Chancellor,0,,2014
Orson Charles,0,,2014
Jamie Childers,0,,2014
Kellen Clemens,2,,2014
Asante Cleveland,6,,2014
Tyler Clutts,16,,2014
Brandon Coleman,0,,2014
Kain Colter,0,,2014
Kevin Cone,0,,2014
Damian Copeland,0,,2014
Tom Crabtree,0,,2014
Juron Criner,0,,2014
B.J. Cunningham,0,,2014
Justice Cunningham,0,,2014
B.J. Daniels,0,,2014
Dominique Davis,0,,2014
Jace Davis,0,,2014
Kellen Davis,6,,2014
Skye Dawson,0,,2014
Jeff Demps,0,,2014
Anthony Denham,4,,2014
Dennis Dixon,0,,2014
Kevin Dorsey,3,,2014
Tandon Doss,0,,2014
Reggie Dunn,0,,2014
Zac Dysert,0,,2014
Patrick Edwards,0,,2014
Quincy Enunwa,1,,2014
Shaquelle Evans,0,,2014
David Fales,0,,2014
Tony Fiammetta,1,,2014
Bennie Fowler,0,,2014
Tyler Gaffney,0,,2014
Kendall Gaskins,0,,2014
Garrett Gilbert,0,,2014
Alex Gillett,0,,2014
Mike Gillislee,0,,2014
Brittan Golden,0,,2014
Richard Gordon,5,,2014
Bruce Gradkowski,1,,2014
Ryan Griffin,0,,2014
Xavier Grimble,0,,2014
Saalim Hakim,16,,2014
Cobi Hamilton,0,,2014
Leonard Hankerson,1,,2014
Andre Hardy,0,,2014
Chandler Harnish,0,,2014
Chris Harper,0,,2014
Clark Harris,16,,2014
Travis Harvey,0,,2014
Micah Hatfield,0,,2014
Matt Hazel,0,,2014
Michael Hill,0,,2014
Stephen Hill,0,,2014
Caleb Holley,0,,2014
Emil Igwenagu,0,,2014
Tarvaris Jackson,1,,2014
Chuck Jacobs,0,,2014
Greg Jenkins,0,,2014
David Johnson,14,,2014
Josh Johnson,0,,2014
Dominique Jones,1,,2014
Kadeem Jones,0,,2014
Landry Jones,0,,2014
Marvin Jones,0,,2014
T.J. Jones,0,,2014
Mike Kafka,0,,2014
Nick Kasa,0,,2014
G.J. Kinne,0,,2014
Travis Labhart,0,,2014
Ryan Lankford,0,,2014
Marcus Lattimore,0,,2014
Mike Leach,16,,2014
Alec Lemon,0,,2014
Josh Lenz,0,,2014
Lance Lewis,0,,2014
Zach Line,1,,2014
Arthur Lynch,0,,2014
Elbert Mack,8,,2014
Mario Manningham,0,,2014
Freddie Martino,1,,2014
A.J. McCarron,0,,2014
Onterio McCalebb,1,,2014
Anthony McCoy,0,,2014
Luke McCown,16,,2014
Marvin McNutt,0,,2014
Trey Millard,0,,2014
Zach Miller,0,,2014
Keavon Milton,1,,2014
T.J. Moe,0,,2014
Ifeanyi Momah,0,,2014
Kellen Moore,0,,2014
Marlon Moore,13,,2014
Stephen Morris,0,,2014
Derek Moye,0,,2014
Matthew Mulligan,4,,2014
Jake Murphy,0,,2014
Will Murphy,0,,2014
Aaron Murray,0,,2014
Jordan Norwood,0,,2014
Uzoma Nwachukwu,0,,2014
Emmanuel Ogbuehi,0,,2014
Fendi Onobun,0,,2014
Toben Opurum,0,,2014
Dan Orlovsky,0,,2014
Kassim Osgood,13,,2014
Ryan Otten,0,,2014
Montell Owens,6,,2014
Eric Page,0,,2014
Jordan Palmer,1,,2014
Nathan Palmer,0,,2014
Tobais Palmer,0,,2014
Chris Pantale,5,,2014
Jalen Parmele,1,,2014
David Paulson,0,,2014
Isaiah Pead,0,,2014
Senorise Perry,16,,2014
De'Andre Presley,4,,2014
Lonnie Pryor,0,,2014
Bernard Reedy,0,,2014
Tevin Reese,0,,2014
Allen Reisner,0,,2014
Sean Renfree,0,,2014
Jerry Rice,0,,2014
Daryl Richardson,0,,2014
Rico Richardson,1,,2014
Gerrell Robinson,3,,2014
Evan Rodriguez,1,,2014
Naaman Roosevelt,0,,2014
Rashad Ross,4,,2014
Weslye Saunders,1,,2014
Tom Savage,2,,2014
Adam Schiltz,0,,2014
Lache Seastrunk,0,,2014
Kory Sheets,0,,2014
Mickey Shuler,3,,2014
Matthew Slater,16,,2014
Nathan Slaughter,0,,2014
Brad Smelley,0,,2014
Alex Smith,2,,2014
Jerome Smith,1,,2014
Michael Smith,0,,2014
Rodney Smith,4,,2014
Willie Snead,0,,2014
Nate Solder,16,,2014
Brad Sorensen,0,,2014
Ryan Spadola,0,,2014
Josh Stewart,0,,2014
Jake Stoneburner,0,,2014
Tommy Streeter,2,,2014
Julian Talley,2,,2014
Alex Tanney,0,,2014
Phillip Tanner,2,,2014
Ryan Taylor,14,,2014
Tyrod Taylor,1,,2014
Tyler Thigpen,0,,2014
Deonte Thompson,1,,2014
Jordan Thompson,2,,2014
Matthew Tucker,0,,2014
Jeff Tuel,0,,2014
Dustin Vaughan,0,,2014
Justin Veltung,0,,2014
Keith Wenning,0,,2014
Griff Whalen,10,,2014
Myles White,0,,2014
Nikita Whitlock,0,,2014
James Wilder,0,,2014
Dominique Williams,0,,2014
Fred Williams,0,,2014
Kyle Williams,0,,2014
Michael Williams,0,,2014
David Wilson,0,,2014
George Wilson,16,,2014
Ronnie Wingo,0,,2014
Glenn Winston,5,,2014
Cierre Wood,0,,2014
Devon Wylie,0,,2014
Will Yeatman,0,,2014
Michael Zordich,0,,2014
Pat O'Donnell,16,-1,2014
Jalen Saunders,15,-1,2014
Chris Williams,3,-1,2014
Isaiah Burse,12,-2,2014
Matt Flynn,7,-2,2014
Tauren Poole,3,-2,2014
Walt Powell,4,-2,2014
Matt Schaub,11,-4,2014
Antonio Brown,16,250,2015
Devonta Freeman,15,243,2015
Julio Jones,16,235,2015
Adrian Peterson,16,231,2015
Cam Newton,16,391,2015
Brandon Marshall,16,230,2015
Allen Robinson,16,224,2015
Odell Beckham,15,223,2015
Rob Gronkowski,15,184,2015
DeAndre Hopkins,16,220,2015
Doug Martin,16,199,2015
Gary Barnidge,16,158,2015
Jordan Reed,14,157,2015
DeAngelo Williams,16,191,2015
Doug Baldwin,16,191,2015
Todd Gurley,13,189,2015
A.J. Green,16,188,2015
Greg Olsen,16,150,2015
Delanie Walker,15,150,2015
Lamar Miller,16,185,2015
Tom Brady,16,344,2015
Russell Wilson,16,342,2015
Tyler Eifert,13,140,2015
David Johnson,16,174,2015
Matt Forte,13,173,2015
Chris Ivory,15,173,2015
Calvin Johnson,16,173,2015
Eric Decker,15,173,2015
Larry Fitzgerald,16,172,2015
Brandin Cooks,16,170,2015
Latavius Murray,16,164,2015
Demaryius Thomas,16,164,2015
Danny Woodhead,16,163,2015
Blake Bortles,16,324,2015
Allen Hurns,15,163,2015
Frank Gore,16,159,2015
Jarvis Landry,16,159,2015
Sammy Watkins,13,159,2015
Jeremy Hill,16,157,2015
Darren McFadden,16,156,2015
Jeremy Maclin,15,156,2015
Travis Kelce,16,118,2015
Mark Ingram,12,153,2015
Ben Watson,16,117,2015
Carson Palmer,16,309,2015
Emmanuel Sanders,15,148,2015
Jonathan Stewart,13,147,2015
LeSean McCoy,12,147,2015
Michael Crabtree,16,146,2015
Jordan Matthews,16,146,2015
Drew Brees,15,306,2015
Aaron Rodgers,16,305,2015
John Brown,15,143,2015
T.Y. Hilton,16,142,2015
DeMarco Murray,15,140,2015
James Jones,16,141,2015
Amari Cooper,16,141,2015
Tavon Austin,16,141,2015
Ted Ginn,15,140,2015
Richard Rodgers,16,102,2015
Ronnie Hillman,16,137,2015
Rashad Jennings,16,136,2015
Mike Evans,15,137,2015
Kirk Cousins,16,295,2015
Giovani Bernard,16,132,2015
Zach Ertz,15,95,2015
Matthew Stafford,16,292,2015
Charles Sims,16,129,2015
Antonio Gates,11,93,2015
Jeremy Langford,16,128,2015
Travis Benjamin,16,128,2015
Rueben Randle,16,128,2015
Eli Manning,16,287,2015
Philip Rivers,16,286,2015
Ryan Fitzpatrick,16,285,2015
James Starks,16,123,2015
Kamar Aiken,16,124,2015
Richie Brockel,2,,2015
Jameis Winston,16,279,2015
Tyrod Taylor,14,275,2015
Derek Carr,16,273,2015
Alex Smith,16,273,2015
Ryan Tannehill,16,259,2015
Andy Dalton,13,244,2015
Matt Ryan,16,236,2015
Ben Roethlisberger,12,234,2015
Jay Cutler,15,230,2015
Marcus Mariota,12,210,2015
Teddy Bridgewater,16,200,2015
Sam Bradford,14,195,2015
Brian Hoyer,11,169,2015
Joe Flacco,10,166,2015
Josh McCown,8,136,2015
Andrew Luck,7,133,2015
Blaine Gabbert,8,130,2015
Randall Cobb,16,124,2015
Michael Floyd,15,121,2015
Eddie Lacy,15,121,2015
Thomas Rawls,13,121,2015
Golden Tate,16,121,2015
Martavis Bryant,11,120,2015
T.J. Yeldon,12,120,2015
Isaiah Crowell,16,119,2015
Brock Osweiler,8,119,2015
LeGarrette Blount,12,117,2015
C.J. Anderson,15,116,2015
Pierre Garcon,16,116,2015
Willie Snead,15,116,2015
Charcandrick West,15,113,2015
Karlos Williams,11,113,2015
Julian Edelman,9,112,2015
Colin Kaepernick,9,112,2015
Marvin Jones,16,109,2015
Donte Moncrief,16,109,2015
Markus Wheaton,16,109,2015
Alshon Jeffery,9,105,2015
Ryan Mathews,13,105,2015
Anquan Boldin,14,103,2015
Duke Johnson,16,103,2015
Tyler Lockett,16,102,2015
Terrance Williams,16,102,2015
Javorius Allen,16,101,2015
Chris Johnson,11,101,2015
Jermaine Kearse,16,101,2015
Shane Vereen,16,100,2015
Theo Riddick,16,99,2015
Keenan Allen,8,97,2015
Alfred Blue,15,97,2015
Stefon Diggs,13,97,2015
Nick Foles,11,96,2015
Matt Jones,13,95,2015
Peyton Manning,10,95,2015
Johnny Manziel,10,95,2015
Darren Sproles,16,95,2015
Justin Forsett,10,93,2015
Ameer Abdullah,16,92,2015
Torrey Smith,16,92,2015
Antonio Andrews,14,91,2015
Matt Hasselbeck,8,91,2015
Rishard Matthews,11,91,2015
Nate Washington,14,90,2015
Bilal Powell,11,88,2015
Le'Veon Bell,6,87,2015
Alfred Morris,16,87,2015
Jason Witten,16,87,2015
Joique Bell,13,86,2015
Kenny Britt,16,86,2015
Steve Smith,7,85,2015
Eric Ebron,14,84,2015
Dion Lewis,7,84,2015
Danny Amendola,14,83,2015
James White,14,83,2015
Dorial Green-Beckham,16,81,2015
Cole Beasley,16,80,2015
Jamaal Charles,5,80,2015
Seth Roberts,16,80,2015
Kyle Rudolph,16,80,2015
Marques Colston,13,78,2015
Julius Thomas,12,78,2015
Spencer Ware,11,77,2015
Andre Johnson,16,76,2015
Jamison Crowder,16,75,2015
Devin Funchess,16,75,2015
Melvin Gordon,14,75,2015
Jimmy Graham,11,75,2015
DeSean Jackson,10,75,2015
Tim Hightower,8,74,2015
Vincent Jackson,10,74,2015
Zach Miller,15,74,2015
Corey Brown,14,73,2015
Malcom Floyd,15,72,2015
Jacob Tamme,15,72,2015
Charles Clay,13,71,2015
Ladarius Green,13,71,2015
Ryan Mallett,8,71,2015
Robert Woods,14,71,2015
Owen Daniels,16,70,2015
Carlos Hyde,7,70,2015
Marshawn Lynch,7,70,2015
Coby Fleener,16,69,2015
DeVante Parker,15,69,2015
Jerricho Cotchery,14,68,2015
Steve Johnson,10,68,2015
Heath Miller,15,68,2015
Cecil Shorts,11,68,2015
Matt Cassel,10,67,2015
Mike Tolbert,16,67,2015
Brandon Weeden,6,66,2015
Crockett Gillmore,10,65,2015
Dwayne Harris,15,65,2015
Dontrelle Inman,14,65,2015
Brian Hartline,12,64,2015
Joseph Randle,6,64,2015
Martellus Bennett,11,62,2015
Jonathan Grimes,14,62,2015
Jerick McKinnon,16,62,2015
Kenny Stills,16,62,2015
Will Tye,13,62,2015
Dexter McCluster,11,61,2015
Kendall Wright,10,61,2015
Andre Ellington,10,60,2015
Mike Wallace,16,60,2015
Albert Wilson,14,60,2015
Mohamed Sanu,16,59,2015
Davante Adams,13,58,2015
Dez Bryant,9,58,2015
Brent Celek,16,58,2015
Chris Hogan,16,58,2015
Austin Seferian-Jenkins,7,58,2015
Chris Thompson,13,58,2015
Jordan Cameron,16,57,2015
Brandon Coleman,16,57,2015
Roddy White,16,57,2015
Kyle Juszczyk,16,56,2015
Lance Moore,14,56,2015
Chris Polk,15,56,2015
Arian Foster,4,55,2015
A.J. McCarron,7,55,2015
Khiry Robinson,8,54,2015
Clive Walford,16,53,2015
Brandon LaFell,11,52,2015
Marquess Wilson,11,52,2015
Brandon Bolden,15,51,2015
Harry Douglas,14,51,2015
Shaun Draughn,11,51,2015
Leonard Hankerson,10,51,2015
Vance McDonald,14,51,2015
Scott Chandler,15,50,2015
Darren Fells,14,49,2015
Josh Huff,15,49,2015
Marcel Reece,15,49,2015
Jared Cook,16,48,2015
Cameron Brate,14,47,2015
Denard Robinson,13,47,2015
C.J. Spiller,13,47,2015
Mike Gillislee,5,46,2015
Fred Jackson,16,46,2015
Quinton Patton,16,46,2015
Riley Cooper,16,45,2015
Darrius Heyward-Bey,16,45,2015
Jarius Wright,16,45,2015
Andre Holmes,16,44,2015
Case Keenum,6,44,2015
Zach Mettenberger,7,44,2015
Anthony Fasano,16,43,2015
Chris Givens,15,43,2015
Bishop Sankey,13,43,2015
Bryan Walters,11,43,2015
JJ Nelson,11,42,2015
Tevin Coleman,12,41,2015
Tony Romo,4,41,2015
Vernon Davis,15,40,2015
Benny Cunningham,16,39,2015
Ryan Grant,16,39,2015
EJ Manuel,7,39,2015
Donald Brown,9,38,2015
Keshawn Martin,9,38,2015
Garrett Celek,11,37,2015
Ryan Griffin,9,37,2015
Lance Kendricks,15,37,2015
Jay Ajayi,9,36,2015
Jeremy Butler,8,36,2015
Percy Harvin,5,35,2015
Josh Bellamy,16,34,2015
Ka'Deem Carey,10,34,2015
Larry Donnell,8,34,2015
Adam Humphries,13,34,2015
Tre Mason,13,34,2015
Mychal Rivera,16,34,2015
Jaelen Strong,10,34,2015
Andre Williams,16,34,2015
Ahmad Bradshaw,6,33,2015
Jimmy Clausen,5,33,2015
Kellen Moore,3,33,2015
Mark Sanchez,4,33,2015
Maxx Williams,14,33,2015
Nelson Agholor,13,32,2015
Quincy Enunwa,12,32,2015
Justin Hunter,9,32,2015
Michael Vick,5,31,2015
Cameron Artis-Payne,7,30,2015
Marc Mariani,16,30,2015
Eddie Royal,9,30,2015
Marqise Lee,10,29,2015
Zach Line,16,29,2015
Matt Schaub,2,29,2015
Miles Austin,11,28,2015
Travaris Cadet,7,28,2015
Phillip Dorsett,11,28,2015
Lance Dunbar,4,28,2015
Jermaine Gresham,15,28,2015
Andrew Hawkins,8,28,2015
Robert Turbin,10,28,2015
Nick Williams,14,28,2015
DuJuan Harris,4,27,2015
Greg Jennings,16,27,2015
Jeremy Kerley,16,27,2015
Ty Montgomery,6,27,2015
De'Anthony Thomas,10,27,2015
Luke Willson,14,27,2015
Brice Butler,7,26,2015
Chris Conley,16,26,2015
Christine Michael,8,26,2015
Jonas Gray,8,25,2015
Jamize Olawale,14,25,2015
Matt Asiata,16,24,2015
Stedman Bailey,8,24,2015
Orleans Darkwa,16,24,2015
Ed Dickson,16,24,2015
Taylor Gabriel,13,24,2015
Josh Hill,16,24,2015
Michael Hoomanawanui,14,24,2015
Landry Jones,7,24,2015
Rashad Ross,13,24,2015
Craig Stevens,16,24,2015
Damien Williams,16,24,2015
Patrick DiMarco,16,23,2015
Rashad Greene,9,23,2015
Virgil Green,16,23,2015
Clay Harbor,15,23,2015
Marcedes Lewis,16,23,2015
Adam Thielen,16,23,2015
Terron Ward,13,23,2015
Griff Whalen,14,23,2015
Fozzy Whittaker,15,23,2015
T.J. Yates,4,23,2015
Bennie Fowler,16,22,2015
Taiwan Jones,12,22,2015
Branden Oliver,8,22,2015
C.J. Fiedorowicz,16,21,2015
Chris Matthews,13,21,2015
Bruce Miller,16,21,2015
Jordan Norwood,11,21,2015
Zac Stacy,8,21,2015
Terrance West,8,21,2015
Jaron Brown,16,20,2015
Andre Caldwell,14,20,2015
Derek Carrier,12,20,2015
David Cobb,7,20,2015
Jalston Fowler,16,20,2015
John Kuhn,16,20,2015
Louis Murphy,6,20,2015
Geno Smith,1,20,2015
Kerwynn Williams,6,20,2015
Tim Wright,9,20,2015
Blake Bell,14,19,2015
Austin Davis,3,19,2015
Donteea Dye,10,19,2015
Justin Hardy,9,19,2015
Javontee Herndon,8,19,2015
Tyler Kroft,16,19,2015
Rhett Ellison,15,18,2015
Dwayne Allen,13,17,2015
Nick Boyle,11,17,2015
Roy Helu,9,17,2015
T.J. Jones,10,17,2015
Dion Sims,13,17,2015
Jake Stoneburner,11,17,2015
Kenbrell Thompkins,7,17,2015
Knile Davis,14,16,2015
Justin Perillo,9,16,2015
Devin Smith,10,16,2015
Anthony Dixon,16,15,2015
Chris Gragg,13,15,2015
Troy Niklas,16,15,2015
Devin Street,14,15,2015
Pierre Thomas,5,15,2015
Myles White,12,15,2015
Tyrell Williams,4,15,2015
Jason Avant,16,14,2015
Rex Burkhead,16,14,2015
Aaron Dobson,8,14,2015
Bruce Ellington,13,14,2015
Akeem Hunt,7,14,2015
Jesse James,8,14,2015
Marlon Moore,14,14,2015
Andre Roberts,9,14,2015
Lorenzo Taliaferro,3,14,2015
Jared Abbrederis,9,13,2015
Kenjon Barner,11,13,2015
Bryce Brown,3,13,2015
Chase Coffman,2,13,2015
Jack Doyle,16,13,2015
Demetrius Harris,16,13,2015
Cooper Helfet,13,13,2015
Dan Herron,10,13,2015
Steven Jackson,2,13,2015
Charles Johnson,11,13,2015
Ricardo Lockette,8,13,2015
Luke McCown,8,13,2015
Keith Mumphery,16,13,2015
Brandon Myers,11,13,2015
Brandon Pettigrew,8,13,2015
John Phillips,16,13,2015
Lee Smith,15,13,2015
Marcus Easley,13,12,2015
Darius Jennings,4,12,2015
Cody Latimer,14,12,2015
Matt McGloin,2,12,2015
Cameron Meredith,11,12,2015
Tony Moeaki,10,12,2015
Luke Stocker,14,12,2015
Brandon Tate,16,12,2015
Marlon Brown,10,11,2015
Michael Campanaro,4,11,2015
Kendall Gaskins,9,11,2015
Russell Shepard,13,11,2015
Jerome Simpson,5,11,2015
Will Tukuafu,14,11,2015
Brenton Bersin,9,10,2015
Michael Burton,16,10,2015
Mike Davis,6,10,2015
Gavin Escobar,14,10,2015
Josh Freeman,1,10,2015
Ryan Hewitt,15,10,2015
Austin Johnson,10,10,2015
Will Johnson,16,10,2015
Dan Orlovsky,3,10,2015
Brian Quick,13,10,2015
Juwan Thompson,15,10,2015
Wes Welker,8,10,2015
Lucky Whitehead,15,10,2015
Garrett Graham,8,9,2015
Colt McCoy,1,9,2015
James O'Shaughnessy,7,9,2015
MyCole Pruitt,16,9,2015
Stevan Ridley,9,9,2015
Jeff Cumberland,15,8,2015
Kellen Davis,16,8,2015
James Hanna,14,8,2015
Jeff Janis,16,8,2015
Tre McBride,7,8,2015
Chris Owusu,3,8,2015
Alex Tanney,1,8,2015
Deonte Thompson,7,8,2015
Zurlon Tipton,10,8,2015
Toby Gerhart,7,7,2015
Bradley Marquez,16,7,2015
Ryan Nassib,1,7,2015
Zach Zenner,6,7,2015
Tommy Bohanon,16,6,2015
Daniel Brown,6,6,2015
Kellen Clemens,2,6,2015
Jerome Cunningham,9,6,2015
Jim Dray,16,6,2015
Daniel Fells,2,6,2015
Corey Fuller,12,6,2015
Jarryd Hayne,8,6,2015
Ryan Lindley,1,6,2015
Kevin Smith,7,6,2015
Stepfan Taylor,16,6,2015
Levine Toilolo,16,6,2015
Fitzgerald Toussaint,5,6,2015
Dwayne Bowe,7,5,2015
Trey Burton,16,5,2015
Reggie Bush,5,5,2015
Joey Iosefa,2,5,2015
Hakeem Nicks,6,5,2015
Josh Robinson,5,5,2015
Jacquizz Rodgers,5,5,2015
Anthony Sherman,16,5,2015
Nick O'Leary,4,4,2015
Preston Parker,2,4,2015
Terrelle Pryor,3,4,2015
Paul Richardson,1,4,2015
Greg Salas,2,4,2015
Charlie Whitehurst,5,4,2015
Derrick Coleman,14,3,2015
B.J. Daniels,8,3,2015
Jake Fisher,14,3,2015
Cory Harkey,16,3,2015
Rob Housler,10,3,2015
Jay Prosch,16,3,2015
Andrew Quarless,5,3,2015
Jeremy Ross,11,3,2015
Rod Streater,1,3,2015
Andrew Turzilli,3,3,2015
Michael Williams,15,3,2015
Darrel Young,16,3,2015
Mario Alford,1,2,2015
Malcolm Brown,1,2,2015
Vincent Brown,1,2,2015
John Crockett,2,2,2015
Geremy Davis,10,2,2015
Marquise Goodwin,2,2,2015
T.J. Graham,4,2,2015
Alonzo Harris,6,2,2015
Malcolm Johnson,12,2,2015
Matt LaCosse,2,2,2015
Tyler Murphy,2,2,2015
Roosevelt Nix,15,2,2015
Bernard Pierce,7,2,2015
Aaron Ripkowski,15,2,2015
Jordan Todman,11,2,2015
Tyler Varga,3,2,2015
Darren Waller,6,2,2015
Eric Weems,16,2,2015
DeAndrew White,4,2,2015
Derek Anderson,3,1,2015
E.J. Bibbs,7,1,2015
Sammie Coates,7,1,2015
Ben Edwards,2,1,2015
Jerome Felton,16,1,2015
Brittan Golden,16,1,2015
Tarvaris Jackson,4,1,2015
Nic Jacobs,11,1,2015
Damaris Johnson,1,1,2015
Jonathan Krause,2,1,2015
Kendall Lamm,15,1,2015
Jorvorskie Lane,16,1,2015
Khari Lee,16,1,2015
Terrence Magee,3,1,2015
Sean Mannion,1,1,2015
Brian Parker,9,1,2015
Cordarrelle Patterson,16,1,2015
Bobby Rainey,16,1,2015
Scott Simonson,9,1,2015
Antone Smith,5,1,2015
Rod Smith,11,1,2015
Matt Spaeth,13,1,2015
Phillip Supernaw,16,1,2015
Tony Washington,4,1,2015
Kasen Williams,2,1,2015
Trey Williams,2,1,2015
Chandler Worthy,3,1,2015
Seyi Ajirotutu,13,,2015
Dri Archer,8,,2015
Joe Banyard,5,,2015
Kapri Bibbs,1,,2015
Allen Bradford,6,,2015
Quan Bray,9,,2015
James Casey,3,,2015
Kaelin Clay,7,,2015
Asante Cleveland,4,,2015
Tyler Clutts,16,,2015
Justice Cunningham,2,,2015
Chase Daniel,2,,2015
Anthony Denham,1,,2015
Jimmy Garoppolo,5,,2015
Richard Gordon,1,,2015
Garrett Grayson,1,,2015
MarQueis Gray,4,,2015
Saalim Hakim,2,,2015
Rannell Hall,1,,2015
Clark Harris,16,,2015
Matt Hazel,5,,2015
Mitchell Henry,2,,2015
Shaun Hill,3,,2015
Kendall Hunter,2,,2015
LaMichael James,1,,2015
Marcel Jensen,1,,2015
Mike Leach,16,,2015
Brian Leonhardt,4,,2015
Dezmin Lewis,1,,2015
Tony Lippett,9,,2015
Vince Mayle,1,,2015
Anthony McCoy,8,,2015
Matt Moore,1,,2015
Matthew Mulligan,12,,2015
Kevin Norwood,1,,2015
Toben Opurum,2,,2015
Bear Pascoe,3,,2015
Cedric Peerman,16,,2015
Walt Powell,2,,2015
Sean Renfree,2,,2015
Rico Richardson,5,,2015
Wes Saxton,1,,2015
Mickey Shuler,1,,2015
Trevor Siemian,1,,2015
Matthew Slater,16,,2015
Alex Smith,3,,2015
Dreamius Smith,1,,2015
Nate Solder,4,,2015
Evan Spencer,1,,2015
Geoff Swaim,4,,2015
Scott Tolzien,3,,2015
Nick Toon,1,,2015
C.J. Uzomah,5,,2015
Trey Watts,1,,2015
Joe Webb,16,,2015
Brandon Wegher,1,,2015
Nikita Whitlock,14,,2015
Brandon Williams,6,,2015
George Winn,7,,2015
Cierre Wood,2,,2015
Corey Grant,6,-1,2015
Chris Harper,5,-1,2015
David Johnson,16,-1,2015
Drew Stanton,7,-1,2015
Frankie Hammond,10,-2,2015
Raheem Mostert,11,-2,2015
Marcus Murphy,13,-2,2015
Isaiah Pead,2,-2,2015
Glenn Winston,3,-3,2015
Marcus Thigpen,9,-4,2015
David Johnson,16,328,2016
Ezekiel Elliott,15,293,2016
LeSean McCoy,15,248,2016
Aaron Rodgers,16,382,2016
DeMarco Murray,16,243,2016
Le'Veon Bell,12,242,2016
Devonta Freeman,16,232,2016
LeGarrette Blount,16,226,2016
Matt Ryan,16,355,2016
Mike Evans,16,208,2016
Jordy Nelson,16,208,2016
Antonio Brown,15,207,2016
Melvin Gordon,13,210,2016
Jordan Howard,15,201,2016
Odell Beckham,16,196,2016
Drew Brees,16,336,2016
Mark Ingram,16,198,2016
T.Y. Hilton,16,185,2016
Jay Ajayi,15,188,2016
Julio Jones,14,179,2016
Travis Kelce,16,138,2016
Davante Adams,16,174,2016
Frank Gore,16,176,2016
Latavius Murray,14,175,2016
Brandin Cooks,16,168,2016
Greg Olsen,16,131,2016
Andrew Luck,15,310,2016
Kyle Rudolph,16,128,2016
Kirk Cousins,16,306,2016
Michael Thomas,15,164,2016
Doug Baldwin,16,162,2016
Jimmy Graham,16,124,2016
Delanie Walker,15,123,2016
Isaiah Crowell,16,165,2016
Carlos Hyde,13,165,2016
Spencer Ware,14,161,2016
Lamar Miller,14,160,2016
Tevin Coleman,13,160,2016
Michael Crabtree,16,152,2016
Amari Cooper,16,151,2016
Dak Prescott,16,293,2016
Cameron Brate,15,114,2016
Martellus Bennett,16,113,2016
Jeremy Hill,15,155,2016
Todd Gurley,16,155,2016
Rishard Matthews,16,149,2016
Matt Forte,14,154,2016
Tyrell Williams,16,148,2016
Zach Ertz,14,106,2016
Jordan Reed,12,105,2016
Matthew Stafford,16,282,2016
Bilal Powell,16,139,2016
Terrelle Pryor,16,138,2016
Tyreek Hill,16,138,2016
Jarvis Landry,16,137,2016
Larry Fitzgerald,16,137,2016
Demaryius Thomas,16,136,2016
Kelvin Benjamin,16,134,2016
Dez Bryant,13,134,2016
Emmanuel Sanders,16,134,2016
Jonathan Stewart,13,138,2016
Hunter Henry,15,96,2016
Julian Edelman,16,132,2016
Golden Tate,16,132,2016
Antonio Gates,14,95,2016
Terrance West,16,137,2016
Mike Wallace,16,131,2016
Tyrod Taylor,15,271,2016
Derek Carr,15,270,2016
Blake Bortles,16,270,2016
Russell Wilson,16,270,2016
Kenny Britt,15,128,2016
Kenny Stills,16,127,2016
Allen Robinson,16,126,2016
Coby Fleener,16,89,2016
Adam Thielen,16,126,2016
Ryan Mathews,13,132,2016
Marcus Mariota,15,268,2016
Ben Roethlisberger,14,266,2016
Philip Rivers,16,263,2016
Jameis Winston,16,262,2016
Tom Brady,12,261,2016
Andy Dalton,16,261,2016
Cam Newton,15,260,2016
Carson Palmer,15,249,2016
Joe Flacco,16,244,2016
Eli Manning,16,226,2016
Alex Smith,15,226,2016
Sam Bradford,15,223,2016
Carson Wentz,16,217,2016
Colin Kaepernick,12,200,2016
Trevor Siemian,14,194,2016
Ryan Tannehill,13,192,2016
Brock Osweiler,15,168,2016
Ryan Fitzpatrick,14,133,2016
Jamison Crowder,16,125,2016
DeSean Jackson,15,125,2016
Pierre Garcon,16,122,2016
Brandon LaFell,16,122,2016
Robert Kelley,15,121,2016
A.J. Green,10,120,2016
Willie Snead,15,120,2016
DeAndre Hopkins,16,119,2016
Sterling Shepard,16,119,2016
Mike Gillislee,15,117,2016
Marvin Jones,15,117,2016
Christine Michael,15,117,2016
Steve Smith,14,116,2016
Cole Beasley,16,114,2016
Case Keenum,10,113,2016
Cameron Meredith,14,113,2016
Devontae Booker,16,112,2016
Quincy Enunwa,16,111,2016
Darren Sproles,15,111,2016
Stefon Diggs,13,109,2016
Marqise Lee,16,109,2016
Theo Riddick,10,109,2016
Tim Hightower,16,107,2016
Jerick McKinnon,15,107,2016
JJ Nelson,15,107,2016
Anquan Boldin,16,106,2016
Taylor Gabriel,13,105,2016
Ted Ginn,16,105,2016
Dontrelle Inman,16,105,2016
James White,16,104,2016
Rashad Jennings,13,103,2016
Jordan Matthews,14,102,2016
DeVante Parker,15,102,2016
Matt Asiata,16,101,2016
Chris Thompson,16,101,2016
Brandon Marshall,15,97,2016
Ty Montgomery,15,97,2016
Alshon Jeffery,12,94,2016
Derrick Henry,15,93,2016
Chris Hogan,15,91,2016
Duke Johnson,16,91,2016
Mohamed Sanu,15,90,2016
Tavon Austin,15,89,2016
Randall Cobb,13,88,2016
T.J. Yeldon,15,88,2016
C.J. Anderson,7,87,2016
Jalen Richard,16,87,2016
Jack Doyle,16,86,2016
Travis Benjamin,14,85,2016
DeAngelo Williams,9,84,2016
Giovani Bernard,10,83,2016
Eric Ebron,13,83,2016
Jeremy Kerley,16,83,2016
Tyler Lockett,15,83,2016
Dennis Pitta,16,83,2016
Jason Witten,16,83,2016
Robert Turbin,15,82,2016
Michael Floyd,15,81,2016
Terrance Williams,16,81,2016
Shaun Draughn,16,80,2016
C.J. Fiedorowicz,15,80,2016
Brian Hoyer,6,80,2016
Dwayne Allen,14,79,2016
Charles Clay,15,79,2016
Cody Kessler,9,79,2016
Adam Humphries,15,78,2016
Jacquizz Rodgers,10,78,2016
Eli Rogers,13,78,2016
Gary Barnidge,16,75,2016
Will Fuller,14,75,2016
Chris Ivory,11,75,2016
Zach Zenner,14,75,2016
Brian Quick,16,74,2016
Seth Roberts,16,74,2016
Robby Anderson,16,73,2016
Blaine Gabbert,6,73,2016
Zach Miller,10,73,2016
Donte Moncrief,9,73,2016
Kenneth Dixon,12,72,2016
Rob Gronkowski,8,72,2016
Doug Martin,8,72,2016
Matt Barkley,7,71,2016
Tyler Boyd,16,70,2016
Vernon Davis,16,70,2016
Damien Williams,15,70,2016
Tyler Eifert,8,69,2016
Jeremy Maclin,12,68,2016
Breshad Perriman,16,68,2016
DeAndre Washington,14,68,2016
Robert Woods,13,68,2016
Matt Jones,7,67,2016
Phillip Dorsett,15,66,2016
Robert Griffin,5,66,2016
Allen Hurns,11,66,2016
Charcandrick West,15,66,2016
John Brown,15,65,2016
Malcolm Mitchell,14,64,2016
Tajae Sharpe,16,64,2016
Victor Cruz,15,63,2016
Devin Funchess,15,63,2016
Vance McDonald,11,63,2016
Thomas Rawls,9,63,2016
Cordarrelle Patterson,16,62,2016
Paul Perkins,14,62,2016
Marquise Goodwin,15,61,2016
Kendall Wright,11,61,2016
Corey Coleman,10,60,2016
Lance Kendricks,16,60,2016
Rex Burkhead,16,59,2016
Sammie Coates,14,57,2016
Jermaine Kearse,16,57,2016
Matt Moore,4,57,2016
Jesse James,16,56,2016
Sammy Watkins,8,55,2016
Travaris Cadet,15,54,2016
Ryan Griffin,16,54,2016
Jeremy Langford,12,54,2016
Clive Walford,15,54,2016
Chris Conley,16,53,2016
Jared Goff,7,53,2016
Nelson Agholor,15,52,2016
Josh McCown,5,52,2016
Julius Thomas,9,52,2016
Garrett Celek,16,51,2016
Dorial Green-Beckham,15,51,2016
Jermaine Gresham,16,51,2016
Albert Wilson,16,51,2016
Alfred Blue,14,50,2016
Andrew Hawkins,16,50,2016
Dion Sims,14,50,2016
Eddie Royal,9,49,2016
Danny Amendola,12,48,2016
Jay Cutler,5,47,2016
Austin Hooper,14,47,2016
Russell Shepard,14,47,2016
Fozzy Whittaker,16,47,2016
Brandon Coleman,16,46,2016
Will Tye,16,46,2016
Jamize Olawale,16,45,2016
Torrey Smith,12,45,2016
Justin Hardy,16,44,2016
C.J. Prosise,6,44,2016
Aldrick Robinson,16,44,2016
Charles Sims,7,44,2016
Justin Hunter,13,43,2016
Jared Cook,10,42,2016
Justin Forsett,9,42,2016
James Starks,9,42,2016
John Kuhn,16,41,2016
Quinton Patton,14,41,2016
Wendell Smallwood,13,41,2016
Brice Butler,16,40,2016
Aaron Ripkowski,16,40,2016
Kamar Aiken,16,39,2016
Trey Burton,15,39,2016
Eddie Lacy,5,39,2016
Richard Rodgers,16,39,2016
Jacob Tamme,8,39,2016
Dwayne Washington,12,39,2016
Josh Bellamy,16,38,2016
Ladarius Green,6,38,2016
Dion Lewis,7,38,2016
Levine Toilolo,16,38,2016
Kyle Juszczyk,16,37,2016
Alfred Morris,14,37,2016
Erik Swoope,16,36,2016
Kenyan Drake,16,35,2016
Jimmy Garoppolo,6,35,2016
Cobi Hamilton,11,35,2016
Darrius Heyward-Bey,10,35,2016
Paul Richardson,15,35,2016
Deonte Thompson,16,35,2016
Landry Jones,8,34,2016
Bryan Walters,10,34,2016
Geronimo Allison,10,32,2016
Corey Brown,16,32,2016
Corey Grant,11,32,2016
Bryce Petty,6,32,2016
Peyton Barber,15,31,2016
Eric Decker,3,31,2016
Andre Holmes,16,31,2016
Rod Streater,16,31,2016
Jordan Taylor,16,31,2016
Virgil Green,12,30,2016
Kenjon Barner,13,29,2016
C.J. Uzomah,10,29,2016
Cameron Artis-Payne,3,28,2016
Jacoby Brissett,3,28,2016
Nick Foles,3,28,2016
Paxton Lynch,3,28,2016
Tanner McEvoy,14,28,2016
Kerwynn Williams,10,28,2016
Jaron Brown,7,27,2016
Bennie Fowler,13,27,2016
DuJuan Harris,10,27,2016
Chester Rogers,14,27,2016
Shane Vereen,5,27,2016
Kapri Bibbs,12,26,2016
Alex Collins,11,25,2016
Seth Devalve,12,25,2016
Jeff Janis,16,25,2016
Mychal Rivera,13,25,2016
Mike Tolbert,16,25,2016
Luke Willson,11,25,2016
Orleans Darkwa,10,24,2016
Kenneth Farrow,13,24,2016
Xavier Grimble,13,24,2016
Jalin Marshall,10,24,2016
Charles Johnson,16,23,2016
Marcedes Lewis,10,23,2016
Ricardo Louis,16,23,2016
Jordan Norwood,14,23,2016
Andre Roberts,16,23,2016
Ameer Abdullah,2,22,2016
Ronnie Hillman,8,22,2016
Ben Koyack,14,22,2016
Roger Lewis,13,22,2016
Marquess Wilson,3,22,2016
Harry Douglas,11,21,2016
Lance Dunbar,13,21,2016
Darren Fells,14,21,2016
Josh Hill,9,21,2016
Vincent Jackson,5,21,2016
Andre Johnson,8,21,2016
Austin Seferian-Jenkins,9,21,2016
Darren Waller,12,21,2016
Danny Woodhead,2,21,2016
Cody Core,8,20,2016
Anthony Fasano,16,20,2016
Jonathan Grimes,10,20,2016
Demetrius Harris,16,20,2016
Freddie Martino,13,20,2016
Bobby Rainey,15,20,2016
Kevin White,4,20,2016
Benny Cunningham,11,19,2016
Ed Dickson,16,19,2016
Josh Huff,10,19,2016
Charone Peake,15,19,2016
Jerell Adams,13,18,2016
Arrelious Benn,15,18,2016
Daniel Brown,8,18,2016
Ka'Deem Carey,12,18,2016
Andre Ellington,16,18,2016
Tom Savage,3,18,2016
Derek Anderson,5,17,2016
Reggie Bush,13,17,2016
MarQueis Gray,16,17,2016
Kevin Hogan,4,17,2016
Denard Robinson,13,17,2016
Brandon Tate,15,17,2016
Matt Cassel,4,16,2016
Brent Celek,16,16,2016
Josh Ferguson,16,16,2016
Chris Johnson,4,16,2016
Braxton Miller,10,16,2016
Terron Ward,5,16,2016
Stephen Anderson,13,15,2016
Tyler Higbee,16,15,2016
Greg Salas,2,15,2016
Cecil Shorts,9,15,2016
Mack Brown,9,14,2016
A.J. Derby,10,14,2016
Jeff Heuerman,12,14,2016
Akeem Hunt,8,14,2016
Andy Janovich,11,14,2016
Brandon Myers,16,14,2016
Walt Powell,9,14,2016
Larry Donnell,14,13,2016
Arian Foster,4,13,2016
Crockett Gillmore,7,13,2016
Chris Harper,9,13,2016
Nick O'Leary,16,13,2016
John Phillips,16,13,2016
C.J. Spiller,6,13,2016
Jaelen Strong,8,13,2016
Paul Turner,4,13,2016
Markus Wheaton,3,13,2016
Jarius Wright,8,13,2016
Jordan Cameron,3,12,2016
Mike Davis,8,12,2016
Rhett Ellison,15,12,2016
Brittan Golden,12,12,2016
Dominique Jones,9,12,2016
Jamaal Charles,3,11,2016
Patrick DiMarco,16,11,2016
T.J. Jones,3,11,2016
Neal Sterling,10,11,2016
Charlie Whitehurst,1,11,2016
Lucky Whitehead,15,11,2016
Jonathan Williams,11,11,2016
Demarcus Ayers,2,10,2016
Alan Cross,14,10,2016
Shaun Hill,3,10,2016
David Johnson,16,10,2016
Darren McFadden,3,10,2016
Joshua Perkins,8,10,2016
Jeremy Ross,6,10,2016
Antone Smith,3,10,2016
James Wright,13,10,2016
George Atkinson,16,9,2016
Blake Bell,13,9,2016
Leonte Carroo,14,9,2016
Pharoh Cooper,10,9,2016
Gavin Escobar,16,9,2016
Mike Glennon,2,9,2016
Tyler Kroft,14,9,2016
Tommylee Lewis,12,9,2016
Marcel Reece,4,9,2016
Drew Stanton,5,9,2016
Juwan Thompson,8,9,2016
Scott Tolzien,3,9,2016
Fitzgerald Toussaint,16,9,2016
Bryce Treggs,9,9,2016
Terrell Watson,1,9,2016
Derek Watt,16,9,2016
Andre Williams,1,9,2016
Trevone Boykin,5,8,2016
Connor Cook,1,8,2016
Ryan Grant,16,8,2016
Connor Hamlett,3,8,2016
Rashard Higgins,16,8,2016
Cody Latimer,12,8,2016
Matt Lengel,6,8,2016
Geno Smith,2,8,2016
Wendall Williams,3,8,2016
Malcolm Brown,16,7,2016
Aaron Burbridge,16,7,2016
Michael Campanaro,3,7,2016
Josh Doctson,2,7,2016
Alex Erickson,16,7,2016
Jerome Felton,15,7,2016
Maurice Harris,10,7,2016
EJ Manuel,6,7,2016
Byron Marshall,3,7,2016
Chris Moore,15,7,2016
Keith Mumphery,11,7,2016
Geoff Swaim,9,7,2016
Keenan Allen,1,6,2016
Jace Amaro,3,6,2016
Brandon Bostick,16,6,2016
Trevor Davis,11,6,2016
Johnny Holton,15,6,2016
Adrian Peterson,3,6,2016
Phillip Supernaw,15,6,2016
De'Anthony Thomas,12,6,2016
D.J. Tialavea,2,6,2016
Jordan Todman,16,6,2016
Nick Williams,2,6,2016
Javorius Allen,8,5,2016
Knile Davis,11,5,2016
Dwayne Harris,16,5,2016
Tavarres King,7,5,2016
Ifeanyi Momah,5,5,2016
Troymaine Pope,4,5,2016
Tony Romo,1,5,2016
Brandon Wilds,4,5,2016
Nick Boyle,6,4,2016
Ben Braunecker,13,4,2016
Quan Bray,6,4,2016
Mike James,4,4,2016
Taiwan Jones,13,4,2016
Daniel Lasco,7,4,2016
Bradley Marquez,14,4,2016
Dexter McCluster,6,4,2016
Justin Perillo,9,4,2016
Brandon Williams,16,4,2016
Derek Carrier,8,3,2016
D.J. Foster,3,3,2016
Don Jackson,3,3,2016
Malcolm Johnson,7,3,2016
Sean McGrath,16,3,2016
Niles Paul,8,3,2016
Isaiah Pead,3,3,2016
Keith Smith,16,3,2016
Lee Smith,4,3,2016
Nick Vannett,9,3,2016
Danny Vitale,9,3,2016
Antonio Andrews,16,2,2016
Brenton Bersin,10,2,2016
Brandon Bolden,14,2,2016
Damiere Byrd,1,2,2016
James Develin,16,2,2016
Jalston Fowler,16,2,2016
Clay Harbor,15,2,2016
Percy Harvin,2,2,2016
Cardale Jones,1,2,2016
Zach Line,15,2,2016
Marc Mariani,16,2,2016
Matt McGloin,3,2,2016
J.D. McKissic,1,2,2016
Logan Paulsen,16,2,2016
Cedric Peerman,6,2,2016
Jay Prosch,15,2,2016
DeAndre Smelter,2,2,2016
Devin Smith,4,2,2016
Luke Stocker,12,2,2016
Devin Street,5,2,2016
Mike Thomas,15,2,2016
Ross Travis,6,2,2016
Laquon Treadwell,9,2,2016
Griff Whalen,8,2,2016
Cole Wick,6,2,2016
Shane Wynn,5,2,2016
Jared Abbrederis,5,1,2016
Joe Banyard,1,1,2016
Jeremy Butler,4,1,2016
Gerald Christian,3,1,2016
Chase Daniel,1,1,2016
Alex Ellis,6,1,2016
David Fales,1,1,2016
George Farmer,2,1,2016
Rashad Greene,8,1,2016
Je'Ron Hamm,5,1,2016
Ryan Hewitt,16,1,2016
Bronson Hill,3,1,2016
Henry Krieger-Coble,2,1,2016
Paul Lasike,10,1,2016
Terrence Magee,2,1,2016
Chris Manhertz,7,1,2016
Paul McRoberts,2,1,2016
Raheem Mostert,3,1,2016
Matthew Mulligan,8,1,2016
Roosevelt Nix,10,1,2016
MyCole Pruitt,4,1,2016
Daryl Richardson,3,1,2016
Stevan Ridley,1,1,2016
Rashad Ross,5,1,2016
Anthony Sherman,16,1,2016
Lorenzo Taliaferro,3,1,2016
Stepfan Taylor,15,1,2016
Tony Washington,2,1,2016
Mario Alford,3,,2016
Joique Bell,7,,2016
Braedon Bowman,3,,2016
Brandon Burks,1,,2016
Isaiah Burse,9,,2016
Michael Burton,15,,2016
Orson Charles,2,,2016
Kellen Clemens,12,,2016
Asante Cleveland,4,,2016
Chase Coffman,2,,2016
Geremy Davis,3,,2016
Kellen Davis,8,,2016
Jim Dray,6,,2016
Donteea Dye,1,,2016
Glenn Gronkowski,1,,2016
Russell Hansbrough,2,,2016
Cory Harkey,12,,2016
Clark Harris,13,,2016
Temarrick Hemingway,8,,2016
Chad Henne,1,,2016
Julian Howsare,2,,2016
Joe Kerridge,8,,2016
Jake Lampman,6,,2016
Khari Lee,8,,2016
Dezmin Lewis,1,,2016
Tony Lippett,16,,2016
Vince Mayle,6,,2016
Tre McBride,2,,2016
A.J. McCarron,1,,2016
David Morgan,12,,2016
Marcus Murphy,3,,2016
Troy Niklas,3,,2016
James O'Shaughnessy,16,,2016
Ryan O'Malley,1,,2016
Jordan Payton,4,,2016
Chase Reynolds,16,,2016
Demarcus Robinson,16,,2016
Khiry Robinson,1,,2016
Mark Sanchez,2,,2016
Matt Schaub,4,,2016
Rod Smith,7,,2016
Nate Solder,15,,2016
Randall Telfer,14,,2016
Will Tukuafu,7,,2016
Hakeem Valles,11,,2016
Joe Webb,14,,2016
Eric Weems,16,,2016
Kasen Williams,1,,2016
Maxx Williams,4,,2016
T.J. Yates,0,,2016
Bralon Addison,2,-1,2016
Sean Mannion,1,-1,2016
Tyler Ervin,12,-2,2016
Jakeem Grant,16,-2,2016
Brett Hundley,4,-2,2016
Ryan Mallett,4,-2,2016
Keshawn Martin,1,-2,2016
Matthew Slater,13,-2,2016
Todd Gurley,15,319,2017
Le'Veon Bell,15,257,2017
Kareem Hunt,16,242,2017
Alvin Kamara,16,239,2017
Melvin Gordon,16,230,2017
DeAndre Hopkins,15,214,2017
Antonio Brown,14,209,2017
Mark Ingram,16,220,2017
Russell Wilson,16,348,2017
LeSean McCoy,16,205,2017
Rob Gronkowski,14,158,2017
Travis Kelce,15,151,2017
Leonard Fournette,13,194,2017
Keenan Allen,16,176,2017
Tyreek Hill,15,170,2017
Marvin Jones,16,164,2017
Julio Jones,16,164,2017
Ezekiel Elliott,10,177,2017
Jordan Howard,16,177,2017
Carlos Hyde,16,175,2017
Zach Ertz,14,128,2017
Brandin Cooks,16,156,2017
Cam Newton,16,299,2017
Dion Lewis,16,171,2017
Michael Thomas,16,155,2017
Larry Fitzgerald,16,152,2017
A.J. Green,16,152,2017
Tom Brady,16,296,2017
Alex Smith,15,295,2017
Adam Thielen,16,149,2017
Davante Adams,14,149,2017
Doug Baldwin,16,148,2017
Devonta Freeman,14,164,2017
Jarvis Landry,16,148,2017
Jimmy Graham,16,114,2017
Lamar Miller,16,158,2017
JuJu Smith-Schuster,14,140,2017
Alshon Jeffery,16,139,2017
Evan Engram,15,110,2017
Carson Wentz,13,282,2017
Robby Anderson,16,137,2017
Stefon Diggs,14,134,2017
Kirk Cousins,16,278,2017
Christian McCaffrey,16,149,2017
Golden Tate,16,133,2017
Mike Evans,15,132,2017
Devin Funchess,16,132,2017
Alex Collins,15,148,2017
C.J. Anderson,16,147,2017
Kyle Rudolph,16,101,2017
Delanie Walker,16,101,2017
Matthew Stafford,16,274,2017
Frank Gore,16,145,2017
Marshawn Lynch,15,144,2017
Latavius Murray,16,143,2017
Philip Rivers,16,270,2017
Duke Johnson,16,142,2017
Nelson Agholor,16,126,2017
Tevin Coleman,15,141,2017
Cameron Brate,16,95,2017
Demaryius Thomas,16,123,2017
T.Y. Hilton,16,119,2017
Drew Brees,16,263,2017
Jack Doyle,15,89,2017
Dez Bryant,16,117,2017
Kenny Stills,16,117,2017
Ben Roethlisberger,15,261,2017
Dak Prescott,16,261,2017
DeMarco Murray,15,133,2017
Cooper Kupp,15,115,2017
Michael Crabtree,14,114,2017
Jason Witten,16,84,2017
Marquise Goodwin,16,113,2017
Tyler Kroft,16,82,2017
Jermaine Kearse,16,111,2017
Jared Goff,15,255,2017
Hunter Henry,14,82,2017
Alex Armah,9,,2017
Blake Bortles,16,250,2017
Case Keenum,15,238,2017
Matt Ryan,16,228,2017
Tyrod Taylor,15,223,2017
Andy Dalton,16,211,2017
Marcus Mariota,15,210,2017
Jacoby Brissett,16,206,2017
Derek Carr,15,206,2017
Josh McCown,13,205,2017
Jameis Winston,13,202,2017
Eli Manning,15,187,2017
Joe Flacco,16,185,2017
DeShone Kizer,15,176,2017
Deshaun Watson,7,169,2017
Jay Cutler,14,158,2017
Mitchell Trubisky,12,135,2017
Aaron Rodgers,7,130,2017
Jerick McKinnon,16,127,2017
Trevor Siemian,11,126,2017
Derrick Henry,16,124,2017
Brett Hundley,11,123,2017
Bilal Powell,15,122,2017
Javorius Allen,16,120,2017
Orleans Darkwa,15,119,2017
Jamaal Williams,16,118,2017
Isaiah Crowell,16,116,2017
Chris Thompson,10,112,2017
Jay Ajayi,14,111,2017
Joe Mixon,14,111,2017
Amari Cooper,14,110,2017
Kenyan Drake,16,110,2017
Giovani Bernard,16,109,2017
Jonathan Stewart,15,109,2017
Ted Ginn,15,107,2017
Mohamed Sanu,15,107,2017
Sammy Watkins,15,107,2017
Robert Woods,12,107,2017
Paul Richardson,16,106,2017
Rishard Matthews,14,103,2017
Carson Palmer,7,102,2017
Theo Riddick,16,101,2017
LeGarrette Blount,16,100,2017
Rex Burkhead,10,100,2017
Ameer Abdullah,14,99,2017
Mike Wallace,15,99,2017
Tarik Cohen,16,97,2017
Travis Benjamin,16,96,2017
Tyrell Williams,16,95,2017
Jamison Crowder,15,94,2017
Randall Cobb,15,93,2017
Marqise Lee,14,92,2017
Keelan Cole,16,91,2017
C.J. Beathard,7,89,2017
DeSean Jackson,14,89,2017
Kelvin Benjamin,14,87,2017
Jimmy Garoppolo,6,87,2017
Samaje Perine,16,87,2017
Sterling Shepard,11,86,2017
Josh Doctson,16,85,2017
Will Fuller,10,85,2017
Jordy Nelson,15,84,2017
Matt Breida,16,83,2017
Martavis Bryant,15,83,2017
Matt Forte,12,83,2017
Corey Clement,16,82,2017
Marlon Mack,14,82,2017
Ryan Grant,16,81,2017
Austin Ekeler,16,80,2017
Jared Cook,16,79,2017
Vernon Davis,16,79,2017
Eric Ebron,16,79,2017
Tyler Lockett,16,79,2017
Danny Amendola,15,78,2017
James White,14,78,2017
Chris Hogan,9,76,2017
Ben Watson,16,76,2017
O.J. Howard,14,75,2017
Ryan Fitzpatrick,6,74,2017
Albert Wilson,13,74,2017
Brandon LaFell,16,73,2017
DeVante Parker,13,73,2017
Rod Smith,15,73,2017
Jaron Brown,16,72,2017
Wayne Gallman,13,71,2017
Austin Hooper,16,71,2017
Aaron Jones,12,71,2017
Peyton Barber,16,70,2017
Ty Montgomery,8,69,2017
Charles Clay,13,68,2017
Mike Gillislee,9,68,2017
Adam Humphries,16,68,2017
Brock Osweiler,6,68,2017
Adrian Peterson,10,68,2017
Emmanuel Sanders,12,68,2017
Kenny Golladay,11,67,2017
Doug Martin,11,67,2017
Deonte Thompson,16,67,2017
Kendall Wright,16,67,2017
Alfred Morris,14,65,2017
JJ Nelson,16,65,2017
Brian Hoyer,11,64,2017
Chris Ivory,14,64,2017
George Kittle,15,64,2017
Marcedes Lewis,16,64,2017
J.D. McKissic,13,63,2017
David Njoku,16,63,2017
Eric Decker,16,62,2017
Blaine Gabbert,5,62,2017
Jeremy Maclin,12,62,2017
Devontae Booker,13,61,2017
Allen Hurns,10,60,2017
Chris Godwin,16,59,2017
Elijah McGuire,16,59,2017
Jalen Richard,16,59,2017
Garrett Celek,16,58,2017
Kerwynn Williams,16,58,2017
Terrance Williams,16,58,2017
T.J. Yeldon,10,58,2017
Trey Burton,15,57,2017
Julius Thomas,14,57,2017
Cole Beasley,15,55,2017
Jesse James,16,55,2017
Cordarrelle Patterson,16,55,2017
Torrey Smith,16,55,2017
Dalvin Cook,4,54,2017
Roger Lewis,15,54,2017
Bennie Fowler,16,53,2017
Trent Taylor,15,53,2017
Austin Seferian-Jenkins,13,52,2017
D'Onta Foreman,10,51,2017
Donte Moncrief,12,51,2017
Tom Savage,8,51,2017
DeAndre Washington,15,51,2017
Brice Butler,13,50,2017
Brandon Coleman,16,50,2017
Ed Dickson,16,50,2017
Pierre Garcon,8,50,2017
Antonio Gates,16,50,2017
Drew Stanton,5,50,2017
Odell Beckham,4,49,2017
John Brown,10,49,2017
Taylor Gabriel,16,49,2017
Andre Ellington,12,48,2017
T.J. Jones,14,48,2017
Seth Roberts,15,48,2017
Bruce Ellington,11,47,2017
Charcandrick West,13,46,2017
Jamaal Charles,14,45,2017
Josh Bellamy,15,44,2017
Seth Devalve,16,44,2017
Jermaine Gresham,14,44,2017
Zay Jones,15,44,2017
Corey Coleman,9,43,2017
Cody Latimer,11,43,2017
Coby Fleener,11,42,2017
Rashard Higgins,15,42,2017
Tavarres King,8,42,2017
Chris Moore,13,42,2017
Nick O'Leary,15,42,2017
Matt Moore,4,41,2017
Stephen Anderson,15,40,2017
Josh Gordon,5,40,2017
Justin Hardy,16,40,2017
Dontrelle Inman,12,40,2017
Shane Vereen,16,40,2017
Dede Westbrook,7,40,2017
Damien Williams,11,40,2017
Corey Grant,16,39,2017
Robert Kelley,7,39,2017
Luke Willson,16,39,2017
Alfred Blue,11,38,2017
Kenny Britt,12,38,2017
Aldrick Robinson,16,38,2017
Jacquizz Rodgers,16,38,2017
Ricky Seals-Jones,10,38,2017
Charles Sims,16,38,2017
Benny Cunningham,14,37,2017
Mike Davis,6,37,2017
Kyle Juszczyk,14,37,2017
Mike Tolbert,12,37,2017
Malcolm Brown,11,36,2017
Corey Davis,11,36,2017
Rhett Ellison,16,36,2017
Gerald Everett,16,36,2017
Darren Fells,16,36,2017
Tyler Higbee,16,36,2017
Johnny Holton,16,36,2017
Ricardo Louis,16,36,2017
Zach Miller,8,36,2017
Tyler Boyd,10,35,2017
Chester Rogers,11,35,2017
Michael Campanaro,13,34,2017
A.J. Derby,11,34,2017
Nick Foles,7,34,2017
Mike Glennon,4,34,2017
Kevin Hogan,4,34,2017
Wendell Smallwood,8,34,2017
T.J. Yates,4,34,2017
Chris Carson,4,33,2017
Jordan Reed,6,33,2017
Taywan Taylor,16,33,2017
Jakeem Grant,16,32,2017
Jordan Matthews,10,32,2017
Jarius Wright,16,32,2017
Adam Shaheen,13,31,2017
Tavon Austin,16,30,2017
Damiere Byrd,8,30,2017
Tion Green,5,30,2017
Andre Holmes,14,30,2017
Terrelle Pryor,9,30,2017
Martellus Bennett,9,29,2017
Mack Hollins,16,29,2017
Demetrius Harris,16,28,2017
Elijhaa Penny,16,28,2017
Russell Shepard,15,28,2017
Jonnu Smith,16,28,2017
Kapri Bibbs,3,27,2017
Sam Bradford,2,27,2017
De'Anthony Thomas,16,27,2017
Kendrick Bourne,11,26,2017
Jeff Heuerman,14,26,2017
Lance Kendricks,16,26,2017
Terrance West,5,26,2017
Danny Woodhead,8,26,2017
Virgil Green,16,25,2017
Vance McDonald,10,25,2017
Greg Olsen,7,25,2017
Bryce Petty,4,25,2017
Alex Erickson,16,24,2017
Ryan Griffin,7,24,2017
Jeremy Kerley,8,24,2017
Dion Sims,14,24,2017
Geronimo Allison,15,23,2017
Tommy Bohanon,16,23,2017
Eddie Lacy,9,23,2017
Thomas Rawls,12,23,2017
Nick Boyle,15,22,2017
Travaris Cadet,9,22,2017
Jaydon Mickens,10,22,2017
Braxton Miller,11,22,2017
Richard Rodgers,15,22,2017
James O'Shaughnessy,16,21,2017
Demarcus Robinson,16,21,2017
Phillip Dorsett,15,20,2017
Laquon Treadwell,16,20,2017
Brent Celek,16,19,2017
David Fales,2,19,2017
Troy Niklas,15,19,2017
Eli Rogers,14,19,2017
Chris Conley,5,18,2017
Louis Murphy,7,18,2017
Curtis Samuel,9,18,2017
Levine Toilolo,15,18,2017
Eric Tomlinson,14,18,2017
Nick Vannett,15,18,2017
Kenjon Barner,13,17,2017
Anthony Fasano,16,17,2017
Tommylee Lewis,15,17,2017
Stevan Ridley,2,17,2017
Robert Turbin,6,17,2017
Cameron Artis-Payne,13,16,2017
Chris Johnson,4,16,2017
David Morgan,15,16,2017
Josh Reynolds,16,16,2017
Dwayne Allen,16,15,2017
Kaelin Clay,13,15,2017
D.J. Foster,7,15,2017
James Hanna,16,15,2017
Paxton Lynch,2,15,2017
Brandon Marshall,5,15,2017
Anthony Sherman,16,15,2017
C.J. Uzomah,14,15,2017
James Conner,14,14,2017
C.J. Ham,16,14,2017
Darrius Heyward-Bey,16,14,2017
Josh Hill,16,14,2017
EJ Manuel,2,14,2017
Tre McBride,8,14,2017
Jamize Olawale,12,14,2017
Paul Perkins,11,14,2017
Brandon Tate,13,14,2017
Jordan Taylor,10,14,2017
Kamar Aiken,15,13,2017
Brenton Bersin,8,13,2017
Daniel Brown,14,13,2017
Pharoh Cooper,16,13,2017
C.J. Fiedorowicz,5,13,2017
Jeremy Hill,7,13,2017
Josh Malone,11,13,2017
Roosevelt Nix,16,13,2017
Logan Thomas,12,13,2017
Fozzy Whittaker,12,13,2017
Maxx Williams,11,13,2017
Marvin Hall,8,12,2017
Maurice Harris,6,12,2017
Terron Ward,14,12,2017
Brandon Williams,14,12,2017
Lance Dunbar,4,11,2017
Trey Edmunds,16,11,2017
De'Angelo Henderson,5,11,2017
Michael Hoomanawanui,14,11,2017
Andy Janovich,16,11,2017
Branden Oliver,8,11,2017
C.J. Prosise,5,11,2017
Hunter Sharp,3,11,2017
Darren Sproles,3,11,2017
ArDarius Stewart,15,11,2017
Zach Line,12,10,2017
Patrick Mahomes,1,10,2017
Ryan Mallett,2,10,2017
Freddie Martino,8,10,2017
Niles Paul,14,10,2017
Nathan Peterman,4,10,2017
Travis Rudolph,7,10,2017
Geno Smith,2,10,2017
Jaelen Strong,2,10,2017
Phillip Supernaw,16,10,2017
Austin Traylor,7,10,2017
Mike Williams,10,10,2017
Jerell Adams,16,9,2017
Xavier Grimble,15,9,2017
Chad Hansen,15,9,2017
Landry Jones,3,9,2017
Luke Stocker,12,9,2017
Ryan Switzer,16,9,2017
Mike Thomas,8,9,2017
Bobo Wilson,3,9,2017
Zach Zenner,8,9,2017
Trevor Davis,16,8,2017
Michael Floyd,11,8,2017
Justin Hunter,7,8,2017
Breshad Perriman,11,8,2017
Brian Quick,11,8,2017
Bobby Rainey,4,8,2017
Lee Smith,16,8,2017
Neal Sterling,11,8,2017
Nate Sudfeld,1,8,2017
Chris Thompson,13,8,2017
Ross Travis,15,8,2017
Clive Walford,13,8,2017
Kasen Williams,7,8,2017
Brandon Bolden,16,7,2017
Derek Carrier,14,7,2017
Leonte Carroo,14,7,2017
Sammie Coates,12,7,2017
Amara Darboh,16,7,2017
Brittan Golden,13,7,2017
Brian Hill,7,7,2017
David Johnson,1,7,2017
Tre Madden,8,7,2017
Byron Marshall,4,7,2017
Tanner McEvoy,15,7,2017
Willie Snead,11,7,2017
Jeremy Sprinkle,11,7,2017
Bryce Treggs,6,7,2017
Alan Cross,8,6,2017
Jalston Fowler,10,6,2017
Ben Koyack,16,6,2017
Vince Mayle,16,6,2017
Dwayne Washington,5,6,2017
Derek Watt,16,6,2017
Chad Williams,6,6,2017
Orson Charles,5,5,2017
Tyler Eifert,2,5,2017
Tyler Ervin,4,5,2017
Jacob Hollister,15,5,2017
Akeem Hunt,15,5,2017
Sean Mannion,5,5,2017
Sean McGrath,15,5,2017
Ifeanyi Momah,9,5,2017
Marcus Murphy,1,5,2017
Aaron Ripkowski,16,5,2017
Michael Roberts,15,5,2017
Joe Webb,16,5,2017
Markus Wheaton,11,5,2017
Jared Abbrederis,7,4,2017
Blake Bell,13,4,2017
Quan Bray,9,4,2017
Mack Brown,4,4,2017
Michael Clark,2,4,2017
Matthew Dayes,16,4,2017
James Develin,16,4,2017
Tanner Gentry,4,4,2017
Bernard Reedy,11,4,2017
Randall Telfer,16,4,2017
Lawrence Thomas,14,4,2017
Will Tye,3,4,2017
Antony Auclair,8,3,2017
Noah Brown,13,3,2017
Emanuel Byrd,1,3,2017
Derrick Coleman,16,3,2017
Darrell Daniels,12,3,2017
Patrick DiMarco,16,3,2017
Marcus Johnson,10,3,2017
Cody Kessler,3,3,2017
Jordan Leslie,2,3,2017
Chris Matthews,6,3,2017
A.J. McCarron,3,3,2017
Jojo Natson,7,3,2017
Senorise Perry,16,3,2017
Jay Prosch,16,3,2017
De'Veon Smith,5,3,2017
Keith Smith,16,3,2017
Geoff Swaim,15,3,2017
Fitzgerald Toussaint,6,3,2017
Andre Williams,8,3,2017
Nick Williams,1,3,2017
Michael Burton,16,2,2017
Matt Cassel,2,2,2017
Jehu Chesson,12,2,2017
Josh Ferguson,10,2,2017
David Fluellen,16,2,2017
MarQueis Gray,16,2,2017
Ryan Hewitt,13,2,2017
Cole Hikutini,4,2,2017
Chris Manhertz,16,2,2017
Allen Robinson,1,2,2017
Danny Vitale,15,2,2017
Griff Whalen,2,2,2017
DeAndrew White,2,2,2017
Arrelious Benn,9,1,2017
LeShun Daniels,4,1,2017
Harry Douglas,2,1,2017
Shelton Gibson,5,1,2017
Cobi Hamilton,3,1,2017
Taylor Heinicke,1,1,2017
Jeff Janis,16,1,2017
Matt Jones,5,1,2017
Taiwan Jones,8,1,2017
Raheem Mostert,11,1,2017
Larry Pinkard,4,1,2017
Darius Powe,1,1,2017
Cooper Rush,2,1,2017
Scott Tolzien,1,1,2017
Terrell Watson,10,1,2017
Eric Weems,16,1,2017
Kevin White,1,1,2017
Derek Anderson,3,,2017
Joe Banyard,3,,2017
Evan Baylis,1,,2017
Victor Bolden,9,,2017
Ben Braunecker,8,,2017
Joe Callahan,1,,2017
Cethan Carter,16,,2017
Stacy Coley,4,,2017
Cody Core,13,,2017
Sean Culkin,1,,2017
Jeff Cumberland,7,,2017
Chase Daniel,1,,2017
Austin Davis,3,,2017
Geremy Davis,2,,2017
Justin Davis,4,,2017
Jim Dray,1,,2017
Gavin Escobar,2,,2017
Garrett Griffin,3,,2017
Justin Hardee,14,,2017
Clark Harris,16,,2017
Matt Hazel,4,,2017
Bronson Hill,2,,2017
Andy Jones,3,,2017
Joe Kerridge,4,,2017
John Kuhn,2,,2017
Matt LaCosse,5,,2017
Daniel Lasco,3,,2017
Khari Lee,8,,2017
Terrence Magee,2,,2017
Ryan Malleck,2,,2017
Bradley Marquez,1,,2017
Max McCaffrey,5,,2017
Colt McCoy,1,,2017
Darren McFadden,1,,2017
Ryan O'Malley,1,,2017
Logan Paulsen,14,,2017
Charone Peake,3,,2017
John Phillips,1,,2017
MyCole Pruitt,1,,2017
Eric Saubert,14,,2017
Matthew Slater,9,,2017
Shane Smith,11,,2017
Nate Solder,16,,2017
C.J. Spiller,1,,2017
Jordan Todman,14,,2017
Hakeem Valles,1,,2017
Kellen Clemens,8,-1,2017
Chad Henne,2,-1,2017
Isaiah McKenzie,11,-1,2017
Kalif Raymond,8,-1,2017
Andre Roberts,16,-1,2017
John Ross,3,-1,2017
Jake Rudock,3,-1,2017
Tyler Bray,1,-2,2017
Teddy Bridgewater,1,-2,2017
Devante Mays,8,-2,2017
